TimestampAcc [ns]; AccX [m/s^2]; AccY [m/s^2]; AccZ [m/s^2]
6,81E+13;0.6376;11.462;97.844
6,81E+13;0.0351;11.211;99.557
6,81E+13;10.843;15.379;99.725
6,81E+13;0.4328;12.995;103.509
6,81E+13;0.6867;15.475;104.132
6,81E+13;-0.2116;14.588;101.964
6,81E+13;0.8831;16.181;104.120
6,81E+13;0.1022;14.385;100.204
6,81E+13;0.2232;15.475;106.144
6,81E+13;0.2136;13.810;96.035
6,81E+13;-0.0835;14.660;103.929
6,81E+13;0.4376;12.624;95.844
6,81E+13;0.1130;11.510;102.491
6,81E+13;0.6148;11.019;95.125
6,81E+13;0.0842;0.8564;97.269
6,81E+13;0.2483;0.8384;98.108
6,81E+13;0.6699;0.3305;93.400
6,81E+13;0.3837;0.2778;101.940
6,81E+13;0.6280;0.0024;87.771
6,81E+13;0.1106;-0.4959;100.443
6,81E+13;0.3537;-11.535;93.712
6,81E+13;0.3238;-14.673;92.550
6,81E+13;0.1477;-18.721;93.185
6,81E+13;0.4483;-18.278;91.640
6,81E+13;-0.4811;-18.769;103.222
6,81E+13;0.0806;-15.176;98.994
6,81E+13;0.0926;-16.038;96.694
6,81E+13;0.3825;-19.703;94.718
6,81E+13;0.2759;-19.548;99.305
6,81E+13;-0.1985;-13.379;105.198
6,81E+13;0.2603;-17.116;99.245
6,81E+13;0.1333;-21.536;96.059
6,81E+13;0.5142;-23.045;94.646
6,81E+13;0.0387;-20.266;91.244
6,81E+13;0.5525;-12.313;104.767
6,81E+13;0.2711;-24.315;92.490
6,81E+13;0.4244;-15.559;97.880
6,81E+13;0.8987;-17.368;88.681
6,81E+13;0.9119;-17.440;96.754
6,81E+13;0.5765;-19.703;97.257
6,81E+13;0.4411;-0.8037;92.825
6,81E+13;0.4687;-0.6396;110.037
6,81E+13;0.4316;-10.469;85.962
6,81E+13;0.3789;0.7294;125.021
6,81E+13;-0.2595;-0.9151;82.237
6,81E+13;0.6424;0.8288;119.032
6,81E+13;0.4088;0.2623;98.179
6,81E+13;0.0159;0.6240;107.474
6,81E+13;0.5477;0.7294;91.987
6,81E+13;0.1297;0.6994;110.301
6,81E+13;0.2315;0.8049;91.628
6,81E+13;-0.1481;11.079;102.767
6,81E+13;0.0950;0.7977;90.322
6,81E+13;0.1441;0.9019;113.079
6,81E+13;0.4220;12.456;88.526
6,81E+13;0.2315;0.9893;103.258
6,81E+13;0.5837;10.456;94.574
6,81E+13;0.8148;11.211;102.839
6,81E+13;0.8903;11.594;100.467
6,81E+13;0.7094;0.5952;97.425
6,81E+13;0.7717;13.187;105.306
6,81E+13;0.7669;0.8635;95.329
6,81E+13;-0.0116;0.9546;107.534
6,81E+13;0.4867;10.911;96.922
6,81E+13;0.7070;0.8228;108.528
6,81E+13;0.5981;0.7414;97.341
6,81E+13;0.2555;0.6503;104.659
6,81E+13;-0.1314;0.8779;100.731
6,81E+13;-0.0188;0.5282;101.150
6,81E+13;0.3178;0.7653;108.396
6,81E+13;0.3214;0.4874;98.575
6,81E+13;0.4699;0.5210;101.833
6,81E+13;0.2806;0.4479;89.771
6,81E+13;-0.0104;0.1904;99.066
6,81E+13;0.2962;0.5066;98.167
6,81E+13;0.6448;0.1305;98.599
6,81E+13;0.8124;-0.0240;94.910
6,81E+13;0.7082;-0.3917;97.365
6,81E+13;0.2687;-0.0659;99.677
6,81E+13;-0.0643;-0.3234;92.358
6,81E+13;0.9155;0.1557;99.748
6,81E+13;0.5717;-0.5151;103.569
6,81E+13;0.3609;-0.1102;103.126
6,81E+13;0.3262;-0.2300;96.012
6,81E+13;0.0483;0.0778;105.641
6,81E+13;0.3944;0.1724;98.455
6,81E+13;0.0159;0.2335;109.774
6,81E+13;0.2842;0.4000;97.616
6,81E+13;0.6400;0.4491;100.479
6,81E+13;0.5082;0.3485;98.754
6,81E+13;0.6927;0.3281;103.366
6,81E+13;0.6567;0.3509;95.640
6,81E+13;0.2926;0.6743;101.809
6,81E+13;-0.0415;0.3808;97.569
6,81E+13;0.2543;0.5449;100.503
6,81E+13;0.1908;0.3293;100.455
6,81E+13;0.1477;0.7066;104.599
6,81E+13;0.3322;0.5533;97.664
6,81E+13;0.4795;0.8192;98.539
6,81E+13;0.4507;0.4491;94.586
6,81E+13;0.7597;0.6839;101.198
6,81E+13;0.7586;0.6587;96.000
6,81E+13;0.5741;0.5234;98.515
6,81E+13;0.6196;0.6252;97.329
6,81E+13;0.8544;0.4707;94.167
6,81E+13;0.5981;0.6084;100.910
6,81E+13;0.4675;0.1952;98.419
6,81E+13;0.9813;0.6551;101.689
6,81E+13;0.5849;0.3377;98.515
6,81E+13;0.9897;0.4551;100.395
6,81E+13;11.023;0.2982;107.714
6,81E+13;12.927;0.4659;96.131
6,81E+13;0.4579;0.3473;105.809
6,81E+13;13.814;0.5162;102.096
6,81E+13;10.724;0.4994;100.192
6,81E+13;0.8771;0.4431;97.844
6,81E+13;12.904;0.4060;106.312
6,81E+13;14.844;0.5306;94.143
6,81E+13;0.7250;0.3102;99.054
6,81E+13;16.281;0.4958;103.497
6,81E+13;13.826;0.3377;105.342
6,81E+13;11.047;0.4240;96.347
6,81E+13;15.024;0.3964;100.994
6,81E+13;15.742;0.5976;100.192
6,81E+13;0.6124;0.2503;100.479
6,81E+13;13.263;0.6575;96.395
6,81E+13;15.227;0.8013;95.377
6,81E+13;10.819;0.0407;97.880
6,81E+13;14.341;0.7725;99.150
6,81E+13;13.874;0.3844;92.155
6,81E+13;0.3333;0.3605;105.761
6,81E+13;13.071;0.3796;99.317
6,81E+13;12.125;0.5318;93.400
6,81E+13;0.4256;0.3054;106.348
6,81E+13;11.095;0.3593;99.353
6,81E+13;0.8304;0.3785;98.982
6,81E+13;0.3789;0.3269;101.425
6,81E+13;13.682;0.4575;102.348
6,81E+13;0.9155;0.2036;94.538
6,81E+13;0.4819;0.4036;105.941
6,81E+13;14.856;0.5677;98.096
6,81E+13;0.5585;0.2874;105.486
6,81E+13;0.8951;0.1449;102.623
6,81E+13;0.5010;0.7066;108.672
6,81E+13;0.6867;0.1377;87.448
6,81E+13;0.3597;0.3054;119.943
6,81E+13;0.9909;0.3437;95.772
6,81E+13;0.6172;0.3329;104.192
6,81E+13;0.5861;0.5198;99.054
6,81E+13;11.346;0.2659;98.898
6,81E+13;0.4519;0.3856;107.079
6,81E+13;10.472;0.4970;90.753
6,81E+13;0.6508;0.1641;108.803
6,81E+13;0.9813;0.3677;105.833
6,81E+13;0.6855;0.3533;92.933
6,81E+13;0.7011;0.4839;109.486
6,81E+13;17.072;0.7486;95.508
6,81E+13;0.9442;-0.1294;98.563
6,81E+13;0.9646;-0.2168;114.337
6,81E+13;14.353;0.0024;104.563
6,81E+13;0.9346;-0.7390;89.316
6,81E+13;10.256;-14.038;119.535
6,81E+13;0.8029;-13.906;104.887
6,81E+13;0.9753;-15.176;85.914
6,81E+13;0.1729;-22.362;110.444
6,81E+13;0.6927;-16.949;99.209
6,81E+13;0.9083;-16.673;89.472
6,81E+13;0.5909;-10.361;85.280
6,81E+13;-0.0116;-19.500;84.729
6,81E+13;0.3549;-19.835;112.277
6,81E+13;0.6843;-18.110;71.206
6,81E+13;0.4879;-13.236;99.653
6,81E+13;0.9310;-13.559;96.550
6,81E+13;0.1621;-15.032;83.148
6,81E+13;-0.0799;-21.943;89.280
6,81E+13;0.3513;-15.763;101.701
6,81E+13;0.4711;-20.135;96.191
6,81E+13;0.8592;-17.727;84.884
6,81E+13;0.3705;-20.326;96.850
6,81E+13;0.6280;-17.320;82.142
6,81E+13;0.0878;-20.506;100.132
6,81E+13;0.8053;-18.601;91.137
6,81E+13;0.7789;-19.787;95.748
6,81E+13;10.268;-19.332;96.970
6,81E+13;0.8328;-17.715;94.299
6,81E+13;0.5430;-19.452;98.599
6,81E+13;0.9071;-0.4372;97.796
6,81E+13;0.7502;-27.105;102.072
6,81E+13;13.610;0.4587;102.611
6,81E+13;0.4196;-12.637;82.177
6,81E+13;10.197;-10.026;135.609
6,81E+13;11.826;0.7306;55.180
6,81E+13;-0.3206;-14.457;129.944
6,81E+13;18.030;0.4827;101.222
6,81E+13;0.2914;-0.1198;71.721
6,81E+13;0.7526;-0.7031;127.524
6,81E+13;10.376;0.5270;90.646
6,81E+13;-0.1086;-0.1222;81.567
6,81E+13;11.131;-0.3989;130.950
6,81E+13;0.5334;0.4683;72.236
6,81E+13;-0.0859;-0.2037;105.318
6,81E+13;0.7645;-0.2360;104.444
6,81E+13;-0.1242;0.2168;84.693
6,81E+13;-0.3841;-0.3127;104.659
6,81E+13;0.5094;0.1676;98.551
6,81E+13;0.0076;-0.2108;98.012
6,81E+13;0.4220;-0.1785;102.216
6,81E+13;0.3729;-0.1054;101.054
6,81E+13;0.1693;-0.2096;91.724
6,81E+13;0.0112;-0.4504;107.546
6,81E+13;0.3705;0.1281;90.969
6,81E+13;0.8292;-0.3510;92.814
6,81E+13;0.2579;-0.3929;106.228
6,81E+13;-0.2272;-0.4037;88.070
6,81E+13;0.0363;-0.1581;91.017
6,81E+13;0.0195;-0.5953;100.599
6,81E+13;0.2232;-0.6085;105.342
6,81E+13;-0.1002;-0.7510;95.772
6,81E+13;-0.1949;-0.6648;105.055
6,81E+13;0.5250;-0.7474;103.749
6,81E+13;0.8340;-0.9259;110.816
6,81E+13;0.4867;-0.8912;85.723
6,81E+13;0.2711;-0.7762;101.629
6,81E+13;0.5813;-0.7738;104.060
6,81E+13;0.6831;-0.4755;92.358
6,81E+13;0.3501;-0.3067;97.497
6,81E+13;-0.0751;-0.4348;93.975
6,81E+13;0.2747;-0.3809;102.982
6,81E+13;-0.0128;-0.5187;97.748
6,81E+13;0.5178;-0.2743;94.862
6,81E+13;0.4447;-0.4612;99.317
6,81E+13;0.1932;-0.3246;91.065
6,81E+13;-0.0116;-0.3630;97.628
6,81E+13;0.6136;-0.2096;95.221
6,81E+13;0.6424;-0.3761;99.808
6,81E+13;0.0112;-0.4863;97.976
6,81E+13;-0.0296;-0.5055;97.233
6,81E+13;0.1201;-0.3306;102.994
6,81E+13;0.5298;-0.3342;97.389
6,81E+13;0.4495;-0.5774;98.227
6,81E+13;0.2052;-0.5103;101.030
6,81E+13;-0.0871;-0.3654;95.029
6,81E+13;0.0447;-0.3510;95.341
6,81E+13;0.5837;-0.4204;102.958
6,81E+13;0.5717;-0.5486;97.545
6,81E+13;0.1549;-0.4923;99.521
6,81E+13;0.0004;-0.5079;98.479
6,81E+13;0.2351;-0.2887;99.737
6,81E+13;0.3825;-0.4767;99.114
6,81E+13;0.2771;-0.3654;101.413
6,81E+13;0.2866;-0.3977;96.023
6,81E+13;0.0279;-0.6265;97.952
6,81E+13;0.2076;-0.3570;99.209
6,81E+13;0.1836;-0.3150;96.886
6,81E+13;0.6496;-0.3294;104.504
6,81E+13;0.7082;-0.4372;100.096
6,81E+13;0.2136;-0.6444;95.305
6,81E+13;0.1070;-0.4372;101.940
6,81E+13;0.2699;-0.2372;98.587
6,81E+13;0.3657;-0.4288;98.982
6,81E+13;0.5298;-0.5869;104.372
6,81E+13;0.6388;-0.5414;100.335
6,81E+13;0.2375;-0.2863;97.748
6,81E+13;0.0267;-0.6145;94.490
6,81E+13;0.1992;-0.4708;109.330
6,81E+13;0.2842;-0.2815;96.383
6,81E+13;0.2423;-0.5199;96.898
6,81E+13;0.6484;-0.3713;106.636
6,81E+13;0.6555;-0.5570;90.981
6,81E+13;0.0327;-0.3785;99.317
6,81E+13;0.3477;-0.5115;101.270
6,81E+13;0.4411;-0.2995;102.443
6,81E+13;0.4244;-0.5893;97.964
6,81E+13;0.5549;-0.0659;95.065
6,81E+13;0.6232;-0.8145;103.414
6,81E+13;0.8244;-0.3689;102.240
6,81E+13;-0.2320;-0.4252;93.832
6,81E+13;0.4651;-0.3079;102.551
6,81E+13;0.5981;-0.4252;100.407
6,81E+13;0.0902;-0.6313;105.558
6,81E+13;0.5058;-0.2444;93.400
6,81E+13;0.5178;-0.4288;100.108
6,81E+13;0.7250;-0.2300;91.580
6,81E+13;0.0064;-0.4169;97.293
6,81E+13;-0.0859;-0.0683;92.119
6,81E+13;-0.1134;0.0155;82.776
6,81E+13;-0.0655;-0.6576;95.808
6,81E+13;0.1992;-0.2923;107.402
6,81E+13;0.4172;-0.1054;92.837
6,81E+13;-0.0368;-0.2935;94.790
6,81E+13;0.0710;-0.5031;106.288
6,81E+13;0.3238;-0.5354;88.250
6,81E+13;-0.3997;-0.2360;92.706
6,81E+13;-0.1613;-0.4276;96.299
6,81E+13;0.0471;-0.2791;97.365
6,81E+13;0.1812;-0.5582;92.778
6,81E+13;0.1860;-0.0959;104.539
6,81E+13;0.5166;-0.8277;102.635
6,81E+13;0.4256;-0.3318;102.060
6,81E+13;0.3142;-0.4216;93.556
6,81E+13;0.4016;-0.3881;104.180
6,81E+13;0.6184;-0.4264;95.592
6,81E+13;0.1070;-0.6217;104.468
6,81E+13;0.4220;-0.2396;93.341
6,81E+13;0.3561;-0.4839;100.048
6,81E+13;0.4100;-0.4492;95.077
6,81E+13;0.4879;-0.2695;98.718
6,81E+13;0.4867;-0.4360;100.575
6,81E+13;0.4304;-0.2156;94.814
6,81E+13;0.4376;-0.4827;94.969
6,81E+13;0.4974;-0.4025;107.438
6,81E+13;0.5501;-0.4528;98.179
6,81E+13;0.1609;-0.3534;99.988
6,81E+13;-0.0176;-0.6780;98.383
6,81E+13;-0.0547;-0.3438;100.359
6,81E+13;-0.2392;-0.5007;99.748
6,81E+13;0.3106;-0.1653;95.784
6,81E+13;-0.0535;-0.0180;84.082
6,81E+13;0.1261;-0.2995;85.938
6,81E+13;0.3693;0.2742;89.807
6,81E+13;0.1884;0.2599;67.289
6,81E+13;0.3417;-0.3007;99.665
6,81E+13;-0.0919;-0.3570;92.837
6,81E+13;0.0052;-0.2013;93.101
6,81E+13;0.0746;-0.1102;70.907
6,81E+13;0.0627;-0.9427;126.782
6,81E+13;0.7993;-0.4540;92.502
6,81E+13;-0.1254;-0.6564;101.006
6,81E+13;0.4244;-0.9882;95.628
6,81E+13;0.5921;-12.517;118.685
6,81E+13;-0.3051;-10.481;115.451
6,81E+13;0.3537;-0.7498;108.109
6,81E+13;0.1621;-0.8780;122.949
6,81E+13;0.6879;-10.397;106.408
6,81E+13;-0.1242;-0.7259;121.033
6,81E+13;0.6136;-0.3773;105.534
6,81E+13;0.7562;-0.8720;115.092
6,81E+13;0.1669;-0.0276;109.762
6,81E+13;-0.0020;-0.2456;97.018
6,81E+13;0.3920;-0.3929;112.600
6,81E+13;0.5382;-0.3079;99.772
6,81E+13;0.2375;-0.2049;103.402
6,81E+13;0.4304;0.0922;95.305
6,81E+13;0.2687;-0.5965;93.053
6,81E+13;0.2962;-0.0671;100.767
6,81E+13;0.1573;-0.3618;88.250
6,81E+13;0.3393;-0.2743;98.635
6,81E+13;0.3633;-0.4360;92.263
6,81E+13;-0.0128;-0.2132;92.778
6,81E+13;0.2483;-0.2971;89.017
6,81E+13;-0.0152;-0.3522;98.694
6,81E+13;0.2459;-0.5318;94.886
6,81E+13;0.2854;-0.1378;91.843
6,81E+13;-0.3685;-0.6217;93.245
6,81E+13;0.1788;-0.1665;100.958
6,81E+13;0.2519;-0.4001;90.658
6,81E+13;0.2723;-0.3234;104.216
6,81E+13;0.3908;-0.7103;98.299
6,81E+13;0.1872;-0.3414;103.557
6,81E+13;0.1872;-0.3845;90.765
6,81E+13;-0.0044;-0.5606;106.456
6,81E+13;0.1824;-0.5630;102.336
6,81E+13;-0.0403;-0.5642;101.377
6,81E+13;0.1190;-0.5294;102.659
6,81E+13;0.0052;-0.4097;96.539
6,81E+13;-0.4703;-0.5366;100.934
6,81E+13;-0.0966;-0.1905;97.533
6,81E+13;-0.2643;-0.5941;100.144
6,81E+13;-0.3194;-0.4420;102.839
6,81E+13;-0.3266;-0.4971;95.988
6,81E+13;-0.2404;-0.2923;99.437
6,81E+13;-0.4548;-0.3414;95.736
6,81E+13;-0.7315;-0.3522;97.197
6,81E+13;-0.4416;-0.2719;98.455
6,81E+13;-0.3110;-0.4085;99.581
6,81E+13;-0.6213;-0.4073;95.065
6,81E+13;-0.4308;-0.3713;98.227
6,81E+13;-0.4943;-0.5390;102.120
6,81E+13;-0.1697;-0.2767;98.000
6,81E+13;-0.3338;-0.5031;98.874
6,81E+13;-0.1110;-0.3198;101.030
6,81E+13;-0.0883;-0.5354;94.478
6,81E+13;0.1309;-0.5019;106.959
6,81E+13;-0.1805;-0.4360;94.562
6,81E+13;0.0112;-0.5989;104.539
6,81E+13;0.4088;-0.6025;101.773
6,81E+13;0.0040;-0.5438;106.097
6,81E+13;0.2100;-0.3761;85.423
6,81E+13;0.2124;-0.5582;106.983
6,81E+13;0.4711;-0.4145;95.413
6,81E+13;0.0159;-0.4947;104.132
6,81E+13;0.6855;-0.2983;96.383
6,81E+13;0.3058;-0.4887;102.491
6,81E+13;0.2926;-0.5462;96.670
6,81E+13;0.2459;-0.2240;100.551
6,81E+13;0.6064;-0.3318;97.952
6,81E+13;0.3298;-0.3366;99.820
6,81E+13;0.3250;-0.4731;98.383
6,81E+13;-0.0727;-0.3869;96.634
6,81E+13;0.2902;-0.3318;96.251
6,81E+13;-0.0475;-0.4636;100.659
6,81E+13;0.1046;-0.3749;99.078
6,81E+13;-0.0224;-0.6013;94.742
6,81E+13;0.4340;-0.3498;104.300
6,81E+13;-0.0511;-0.5474;87.340
6,81E+13;-0.1865;-0.6840;110.552
6,81E+13;0.1621;-0.3031;90.310
6,81E+13;-0.0655;-0.6348;105.354
6,81E+13;0.5513;-0.4588;98.479
6,81E+13;-0.0427;-0.7450;102.419
6,81E+13;0.4555;-0.6061;99.725
6,81E+13;0.0890;-0.4252;103.977
6,81E+13;0.4160;-0.6420;98.215
6,81E+13;0.2543;-0.4935;105.617
6,81E+13;0.5238;-0.6336;98.132
6,81E+13;0.4100;-0.6564;101.928
6,81E+13;0.2423;-0.5965;105.749
6,81E+13;0.2699;-0.7271;96.419
6,81E+13;0.1597;-0.8876;104.408
6,81E+13;0.3992;-10.600;92.730
6,81E+13;-0.0451;-13.475;100.443
6,81E+13;0.3956;-13.619;89.783
6,81E+13;0.0171;-17.380;97.305
6,81E+13;0.2962;-16.949;88.502
6,81E+13;0.1369;-19.356;93.113
6,81E+13;0.1357;-17.056;92.598
6,81E+13;0.1345;-18.038;95.197
6,81E+13;-0.2200;-15.020;86.118
6,81E+13;-0.1733;-22.829;96.023
6,81E+13;0.3238;-19.488;95.856
6,81E+13;0.0854;-16.901;91.496
6,81E+13;0.0363;-17.607;94.251
6,81E+13;0.0327;-19.907;86.513
6,81E+13;-0.1362;-23.644;103.378
6,81E+13;0.3609;-16.541;93.616
6,81E+13;0.1800;-19.176;90.610
6,81E+13;-0.1721;-21.632;95.077
6,81E+13;-0.0080;-19.703;95.496
6,81E+13;-0.2428;-22.027;97.449
6,81E+13;0.4879;-17.979;95.772
6,81E+13;0.2483;-21.356;95.760
6,81E+13;0.1597;-17.799;99.725
6,81E+13;-0.1314;-20.398;92.131
6,81E+13;-0.0032;-19.679;97.940
6,81E+13;0.2615;-13.846;97.305
6,81E+13;0.3621;-23.872;109.846
6,81E+13;0.1393;-0.9331;90.909
6,81E+13;-0.4823;-18.709;93.281
6,81E+13;0.1764;-17.787;124.602
6,81E+13;0.8244;-11.068;80.321
6,81E+13;-0.1481;-12.014;110.408
6,81E+13;0.4495;-10.038;100.898
6,81E+13;0.1800;-11.786;93.664
6,81E+13;0.2052;-0.7426;99.305
6,81E+13;0.2711;-0.8325;104.252
6,81E+13;0.4903;-0.4743;96.239
6,81E+13;0.0255;-0.8708;98.263
6,81E+13;0.2842;-0.5318;95.053
6,81E+13;0.2016;-0.6085;98.611
6,81E+13;0.3369;-0.5809;98.024
6,81E+13;0.4579;-0.7355;98.994
6,81E+13;0.4112;-0.4300;92.969
6,81E+13;0.2842;-0.6408;94.874
6,81E+13;0.1884;-0.5187;94.323
6,81E+13;0.3190;-0.5845;92.682
6,81E+13;0.4208;-0.7175;99.569
6,81E+13;0.2567;-0.5450;93.975
6,81E+13;0.1249;-0.6840;94.143
6,81E+13;0.1501;-0.6636;96.263
6,81E+13;0.0483;-0.7115;97.197
6,81E+13;0.2866;-0.6241;98.144
6,81E+13;0.3429;-0.6600;96.347
6,81E+13;0.3908;-0.8684;96.994
6,81E+13;0.3693;-0.7402;101.174
6,81E+13;-0.0116;-0.9139;93.796
6,81E+13;0.1752;-0.8097;109.031
6,81E+13;0.4435;-0.8780;99.784
6,81E+13;0.4124;-0.5007;96.970
6,81E+13;0.1717;-0.9031;99.461
6,81E+13;-0.0092;-0.9726;96.119
6,81E+13;-0.0966;-10.073;104.707
6,81E+13;0.2339;-0.7139;95.976
6,81E+13;0.4423;-0.6648;100.671
6,81E+13;0.3872;-10.529;97.616
6,81E+13;0.2267;-0.9499;102.192
6,81E+13;0.1669;-11.068;92.825
6,81E+13;-0.0691;-0.9451;108.288
6,81E+13;0.4915;-0.6720;88.166
6,81E+13;0.1872;-14.122;103.222
6,81E+13;0.1800;-0.8684;103.665
6,81E+13;0.5106;-0.8744;86.286
6,81E+13;-0.0751;-0.7870;102.060
6,81E+13;0.4831;-0.8241;95.988
6,81E+13;0.4208;-0.9558;97.030
6,81E+13;0.1956;-10.265;95.017
6,81E+13;0.2723;-0.7690;95.221
6,81E+13;0.1022;-0.8804;96.646
6,81E+13;0.5705;-0.8624;99.533
6,81E+13;0.4807;-0.7414;92.167
6,81E+13;0.0998;-0.9834;95.760
6,81E+13;0.2447;-0.6348;97.221
6,81E+13;0.2136;-10.445;100.862
6,81E+13;0.2998;-0.9103;104.767
6,81E+13;0.6448;-0.8948;97.497
6,81E+13;0.2806;-10.325;99.940
6,81E+13;0.2830;-11.307;100.814
6,81E+13;-0.0643;-11.726;105.462
6,81E+13;0.4783;-0.9894;98.898
6,81E+13;0.5573;-0.8948;92.802
6,81E+13;0.3501;-11.547;100.791
6,81E+13;0.2136;-0.7989;101.425
6,81E+13;0.1285;-0.8708;92.694
6,81E+13;0.3777;-0.6852;94.850
6,81E+13;0.3525;-0.5342;97.509
6,81E+13;0.5729;-10.241;89.735
6,81E+13;0.2639;-0.7678;98.251
6,81E+13;0.1764;-0.8217;90.610
6,81E+13;0.2759;-0.7618;101.150
6,81E+13;0.6735;-0.7103;94.610
6,81E+13;0.4819;-10.265;92.023
6,81E+13;0.2639;-0.8313;97.688
6,81E+13;0.1657;-11.223;93.029
6,81E+13;0.1261;-0.7247;96.467
6,81E+13;0.3861;-0.9918;93.448
6,81E+13;0.5142;-0.9594;105.737
6,81E+13;0.9095;-0.8037;94.886
6,81E+13;0.2759;-11.535;95.628
6,81E+13;0.1669;-10.301;103.665
6,81E+13;0.4579;-0.9007;99.880
6,81E+13;0.5178;-0.8912;96.970
6,81E+13;0.4998;-0.9858;98.838
6,81E+13;0.5597;-11.175;100.216
6,81E+13;0.5310;-10.409;101.282
6,81E+13;0.3621;-0.9007;97.185
6,81E+13;0.5681;-0.8229;98.443
6,81E+13;0.7106;-0.8397;103.330
6,81E+13;0.7957;-0.9403;96.143
6,81E+13;0.6172;-0.9918;101.186
6,81E+13;0.4735;-10.241;93.077
6,81E+13;0.3118;-0.8480;101.186
6,81E+13;0.4879;-0.8948;98.084
6,81E+13;0.6639;-0.8397;97.425
6,81E+13;0.7035;-0.9606;99.701
6,82E+13;0.5981;-0.9870;96.778
6,82E+13;0.4747;-0.9726;98.287
6,82E+13;0.3729;-10.433;100.060
6,82E+13;0.5058;-0.8504;100.084
6,82E+13;0.6603;-0.9918;103.270
6,82E+13;0.5561;-0.8588;96.263
6,82E+13;0.8484;-10.385;98.395
6,82E+13;0.5142;-0.9762;97.964
6,82E+13;0.3657;-0.8085;98.539
6,82E+13;0.2687;-0.8864;98.659
6,82E+13;0.5118;-0.8756;95.401
6,82E+13;0.6651;-0.8804;100.252
6,82E+13;0.5813;-0.8995;95.233
6,82E+13;0.2747;-0.8564;92.861
6,82E+13;0.4256;-10.373;96.898
6,82E+13;0.1968;-0.7894;97.185
6,82E+13;0.2351;-0.9295;96.167
6,82E+13;0.2064;-0.7786;95.496
6,82E+13;0.5561;-10.469;98.203
6,82E+13;0.5274;-10.253;98.203
6,82E+13;0.3753;-0.9702;91.077
6,82E+13;0.2866;-0.8516;102.192
6,82E+13;0.2447;-10.109;98.778
6,82E+13;0.0806;-0.8852;100.838
6,82E+13;0.4328;-10.385;93.281
6,82E+13;0.6627;-0.9690;102.096
6,82E+13;0.5849;-0.9654;98.802
6,82E+13;0.3238;-0.8864;96.347
6,82E+13;0.1609;-0.9511;100.287
6,82E+13;0.3657;-0.8373;96.766
6,82E+13;0.3274;-0.8576;98.299
6,82E+13;0.3861;-0.9558;97.329
6,82E+13;0.7166;-10.145;103.210
6,82E+13;0.4903;-0.9798;98.647
6,82E+13;0.2567;-0.9043;91.664
6,82E+13;0.2639;-0.8804;100.395
6,82E+13;0.1896;-0.8768;96.898
6,82E+13;0.3142;-0.9990;100.862
6,82E+13;0.3190;-0.9235;95.341
6,82E+13;0.5322;-0.8804;99.150
6,82E+13;0.7130;-0.8672;95.964
6,82E+13;0.1166;-10.385;97.856
6,82E+13;0.3130;-0.8864;97.018
6,82E+13;0.4220;-0.9606;93.808
6,82E+13;0.3537;-10.014;108.049
6,82E+13;0.3310;-0.8289;93.544
6,82E+13;0.5513;-0.9475;101.952
6,82E+13;0.6076;-10.864;96.586
6,82E+13;0.4639;-11.427;99.485
6,82E+13;0.3621;-0.7187;96.706
6,82E+13;0.0112;-0.8888;99.257
6,82E+13;-0.1362;-0.7355;99.605
6,82E+13;0.5442;-10.816;93.748
6,82E+13;0.4340;-0.9882;105.438
6,82E+13;0.6424;-0.8109;92.382
6,82E+13;0.5645;-0.9175;102.707
6,82E+13;0.6567;-0.8984;98.155
6,82E+13;0.4172;-0.9810;98.730
6,82E+13;0.4723;-0.9714;98.850
6,82E+13;0.2279;-0.6947;93.520
6,82E+13;0.0639;-0.9451;102.084
6,82E+13;0.1441;-10.409;96.778
6,82E+13;0.5130;-0.8397;97.593
6,82E+13;0.1908;-0.9990;95.808
6,82E+13;0.1848;-0.9031;99.054
6,82E+13;0.1980;-0.8876;98.886
6,82E+13;0.3082;-0.8397;97.569
6,82E+13;0.2184;-0.9199;94.934
6,82E+13;0.4316;-0.7858;97.521
6,82E+13;0.1405;-10.816;104.264
6,82E+13;0.3597;-0.8253;92.119
6,82E+13;0.4040;-0.8672;99.497
6,82E+13;0.6124;-0.9163;100.611
6,82E+13;0.2124;-0.8924;96.443
6,82E+13;0.1405;-0.9367;98.239
6,82E+13;0.1824;-0.8373;98.323
6,82E+13;-0.0068;-0.9343;95.269
6,82E+13;0.3825;-0.9199;95.604
6,82E+13;0.0842;-10.361;102.419
6,82E+13;0.4986;-0.7283;91.580
6,82E+13;0.5561;-0.8217;99.054
6,82E+13;0.2627;-0.8157;98.299
6,82E+13;-0.0128;-0.8516;93.927
6,82E+13;0.2483;-0.7953;96.023
6,82E+13;0.0507;-0.9319;99.413
6,82E+13;-0.0727;-0.7163;91.640
6,82E+13;0.1094;-0.8085;91.676
6,82E+13;-0.3242;-0.8313;100.371
6,82E+13;-0.0080;-0.8337;89.867
6,82E+13;0.4184;-0.8504;100.299
6,82E+13;0.4795;-0.8157;90.071
6,82E+13;0.1489;-0.8564;97.509
6,82E+13;0.0878;-0.7810;94.874
6,82E+13;-0.1230;-0.9894;98.060
6,82E+13;-0.0559;-0.9187;94.323
6,82E+13;-0.0930;-0.7977;96.431
6,82E+13;-0.3326;-11.487;102.515
6,82E+13;0.3657;-0.8960;99.665
6,82E+13;0.2615;-10.337;102.994
6,82E+13;0.2507;-0.9079;98.479
6,82E+13;0.2507;-10.241;104.144
6,82E+13;0.1261;-10.038;101.677
6,82E+13;0.1836;-11.211;106.432
6,82E+13;0.4819;-0.7774;100.395
6,82E+13;-0.1362;-10.828;98.096
6,82E+13;-0.0847;-0.9630;103.989
6,82E+13;0.2124;-0.8720;97.569
6,82E+13;-0.0212;-0.9954;103.989
6,82E+13;0.4316;-0.7546;95.880
6,82E+13;0.0136;-0.9307;98.730
6,82E+13;0.1992;-0.9451;97.113
6,82E+13;0.3956;-0.9499;102.168
6,82E+13;0.3729;-0.7570;94.922
6,82E+13;0.2375;-0.8995;94.730
6,82E+13;0.2579;-0.8504;99.928
6,82E+13;0.1764;-10.577;101.294
6,82E+13;0.1776;-10.193;95.161
6,82E+13;0.2256;-0.6852;98.599
6,82E+13;-0.3074;-0.9930;94.682
6,82E+13;0.1309;-0.8540;98.132
6,82E+13;0.0902;-10.636;97.724
6,82E+13;0.4220;-0.7762;95.341
6,82E+13;0.4974;-0.7534;100.455
6,82E+13;0.2435;-0.8900;96.730
6,82E+13;0.2555;-0.9642;98.108
6,82E+13;0.3453;-0.9127;92.143
6,82E+13;0.1633;-0.8995;94.838
6,82E+13;0.2004;-0.8337;94.850
6,82E+13;0.2986;-10.169;97.988
6,82E+13;0.1729;-11.607;93.915
6,82E+13;0.4220;-10.157;92.897
6,82E+13;-0.1458;-14.601;99.030
6,82E+13;0.1249;-10.577;88.621
6,82E+13;0.0663;-16.673;95.940
6,82E+13;0.5454;-15.763;84.489
6,82E+13;0.1800;-17.535;88.729
6,82E+13;0.1094;-17.272;87.244
6,82E+13;0.0531;-17.847;91.316
6,82E+13;0.3154;-19.140;90.514
6,82E+13;0.1501;-19.823;91.161
6,82E+13;0.1034;-21.201;92.203
6,82E+13;0.1800;-23.452;104.468
6,82E+13;0.3381;-25.848;97.724
6,82E+13;0.2040;-20.709;114.098
6,82E+13;0.3908;-22.794;96.012
6,82E+13;0.1836;-25.189;117.176
6,82E+13;0.6771;-25.584;107.127
6,82E+13;0.2423;-22.219;113.978
6,82E+13;0.5394;-19.500;101.785
6,82E+13;0.4591;-23.404;109.798
6,82E+13;0.3274;-22.722;109.426
6,82E+13;0.2004;-23.836;105.653
6,82E+13;0.5981;-21.021;113.379
6,82E+13;0.2531;-20.817;96.179
6,82E+13;0.0591;-21.823;104.012
6,82E+13;0.4112;-18.302;91.759
6,82E+13;0.0375;-19.512;94.910
6,82E+13;0.5130;-15.763;85.950
6,82E+13;0.4100;-17.452;88.681
6,82E+13;0.3214;-17.619;92.550
6,82E+13;0.1705;-17.607;81.088
6,82E+13;0.2735;-17.835;81.028
6,82E+13;0.4016;-16.469;80.800
6,82E+13;-0.3326;-20.075;88.142
6,82E+13;0.1525;-18.182;90.574
6,82E+13;0.0974;-18.829;86.394
6,82E+13;0.3250;-17.835;87.579
6,82E+13;0.3094;-19.416;94.119
6,82E+13;-0.0188;-20.494;89.568
6,82E+13;0.0507;-19.584;89.280
6,82E+13;0.1333;-19.631;93.652
6,82E+13;0.0531;-19.152;94.694
6,82E+13;0.3417;-20.123;99.353
6,82E+13;0.3094;-19.739;94.802
6,82E+13;0.3070;-18.613;99.988
6,82E+13;0.0028;-20.769;97.341
6,82E+13;0.0950;-15.523;100.575
6,82E+13;0.1190;-15.104;107.246
6,82E+13;0.8041;-14.924;95.305
6,82E+13;0.3789;-14.529;105.665
6,82E+13;0.0878;-14.685;97.078
6,82E+13;0.0076;-12.720;100.347
6,82E+13;0.3034;-10.541;100.479
6,82E+13;0.6603;-10.349;95.676
6,82E+13;0.0052;-12.697;94.419
6,82E+13;0.1273;-12.026;103.557
6,82E+13;0.4016;-13.894;103.042
6,82E+13;0.4423;-0.9295;99.916
6,82E+13;0.5813;-10.073;91.712
6,82E+13;0.1561;-11.127;109.307
6,82E+13;-0.0511;-14.697;97.006
6,82E+13;0.1381;-0.9870;94.682
6,82E+13;0.1213;-10.660;98.395
6,82E+13;0.5202;-0.9127;107.498
6,82E+13;0.2267;-12.720;100.084
6,82E+13;0.1836;-11.942;93.125
6,82E+13;0.1190;-10.301;98.251
6,82E+13;0.2232;-11.702;96.395
6,82E+13;0.1633;-0.9043;97.221
6,82E+13;0.1740;-10.780;95.089
6,82E+13;0.1800;-10.648;95.976
6,82E+13;0.1573;-10.972;94.275
6,82E+13;-0.0236;-11.427;101.353
6,82E+13;0.5897;-10.289;89.807
6,82E+13;0.0471;-0.9606;96.898
6,82E+13;0.1094;-11.391;90.825
6,82E+13;-0.3146;-10.038;97.545
6,82E+13;0.0950;-11.151;93.221
6,82E+13;0.4651;-11.391;98.635
6,82E+13;0.4244;-12.960;98.060
6,82E+13;-0.5242;-12.840;99.653
6,82E+13;-0.0775;-10.026;94.215
6,82E+13;0.2663;-12.002;104.001
6,82E+13;0.4783;-11.654;95.676
6,82E+13;0.1094;-12.816;98.479
6,82E+13;-0.3218;-12.649;100.623
6,82E+13;0.2052;-10.217;97.664
6,82E+13;0.2747;-11.151;105.845
6,82E+13;0.4280;-12.265;95.892
6,82E+13;-0.0116;-12.134;99.413
6,82E+13;-0.0068;-12.193;98.706
6,82E+13;0.2507;-11.978;101.785
6,82E+13;0.4435;-12.445;101.605
6,82E+13;0.1309;-0.9439;97.221
6,82E+13;-0.2260;-13.008;98.060
6,82E+13;-0.1961;-13.475;102.994
6,82E+13;0.2483;-11.151;97.940
6,82E+13;0.1717;-0.9594;95.748
6,82E+13;0.4723;-0.9558;93.065
6,82E+13;0.0207;-11.283;97.808
6,82E+13;-0.3398;-11.499;88.849
6,82E+13;0.2962;-0.8097;90.682
6,82E+13;0.1992;-10.157;96.059
6,82E+13;0.2435;-0.9798;95.592
6,82E+13;0.2399;-12.505;88.154
6,82E+13;-0.2224;-11.906;91.352
6,82E+13;-0.1865;-10.265;92.275
6,82E+13;0.0291;-12.050;99.772
6,82E+13;0.2555;-11.810;95.125
6,82E+13;0.1980;-10.217;94.227
6,82E+13;-0.3518;-14.194;94.838
6,82E+13;0.0052;-12.912;106.636
6,82E+13;0.1788;-11.547;95.952
6,82E+13;0.2208;-11.631;103.905
6,82E+13;0.0854;-12.277;99.725
6,82E+13;-0.2691;-14.589;101.785
6,82E+13;0.0124;-10.121;98.503
6,82E+13;0.1213;-13.164;102.348
6,82E+13;0.4759;-12.229;108.264
6,82E+13;0.2256;-12.744;96.742
6,82E+13;-0.3122;-11.738;101.425
6,82E+13;-0.0535;-11.319;101.090
6,82E+13;0.3789;-12.361;100.779
6,82E+13;0.1920;-0.9702;100.503
6,82E+13;0.1525;-13.008;95.137
6,82E+13;0.1908;-10.433;99.377
6,82E+13;0.1525;-12.876;96.574
6,82E+13;-0.1553;-0.9235;99.461
6,82E+13;0.0950;-10.972;93.664
6,82E+13;0.1896;-11.115;99.102
6,82E+13;0.2004;-12.421;92.287
6,82E+13;-0.0607;-11.678;94.946
6,82E+13;-0.3733;-0.9079;94.993
6,82E+13;0.1525;-10.972;92.945
6,82E+13;0.2675;-11.367;102.707
6,82E+13;0.3837;-11.187;89.412
6,82E+13;-0.2512;-11.678;95.976
6,82E+13;-0.1338;-11.283;94.227
6,82E+13;-0.0224;-12.493;96.539
6,82E+13;0.3609;-11.044;100.443
6,82E+13;0.2795;-11.032;95.820
6,82E+13;0.2124;-12.732;98.563
6,82E+13;0.1489;-12.756;97.006
6,82E+13;0.2375;-11.403;98.946
6,82E+13;0.0974;-11.008;98.790
6,82E+13;0.1944;-10.481;95.652
6,82E+13;0.4687;-12.804;96.359
6,82E+13;0.3789;-12.577;100.922
6,82E+13;0.0722;-11.127;95.437
6,82E+13;-0.2428;-10.912;93.125
6,82E+13;0.2160;-11.163;99.916
6,82E+13;0.5010;-12.313;99.880
6,82E+13;0.5609;-11.990;91.400
6,82E+13;0.0100;-10.373;97.545
6,82E+13;-0.0296;-11.451;95.988
6,82E+13;0.4603;-12.217;98.203
6,82E+13;0.3537;-10.157;98.934
6,82E+13;0.1752;-11.918;92.562
6,82E+13;0.3777;-11.942;103.126
6,82E+13;0.2735;-14.254;96.059
6,82E+13;0.1920;-11.810;101.988
6,82E+13;0.0399;-10.157;98.910
6,82E+13;0.3992;-12.337;98.898
6,82E+13;0.6771;-13.763;103.665
6,82E+13;0.4603;-13.643;98.671
6,82E+13;0.0710;-10.433;98.275
6,82E+13;-0.1853;-11.870;95.760
6,82E+13;0.1549;-10.481;99.018
6,82E+13;0.6184;-12.146;98.227
6,82E+13;0.3585;-11.451;97.724
6,82E+13;0.1333;-11.092;93.808
6,82E+13;-0.0895;-12.517;96.754
6,82E+13;0.1944;-10.732;95.820
6,82E+13;0.1836;-10.014;96.107
6,82E+13;0.2184;-0.9990;96.203
6,82E+13;0.4675;-11.786;96.874
6,82E+13;0.2256;-12.625;93.616
6,82E+13;0.2399;-11.571;98.527
6,82E+13;-0.2799;-10.612;93.113
6,82E+13;0.3345;-10.732;98.718
6,82E+13;0.4531;-10.864;99.353
6,82E+13;0.4579;-12.709;95.377
6,82E+13;0.1944;-12.589;99.892
6,82E+13;0.2902;-11.822;98.359
6,82E+13;0.1860;-12.361;93.903
6,82E+13;0.1477;-11.068;104.551
6,82E+13;0.0854;-11.032;92.849
6,82E+13;0.3633;-11.583;99.066
6,82E+13;0.4160;-12.816;97.628
6,82E+13;0.3693;-12.337;97.353
6,82E+13;-0.2643;-11.918;101.054
6,82E+13;0.1920;-11.068;94.502
6,82E+13;0.1381;-12.864;101.797
6,82E+13;0.4064;-13.463;102.935
6,82E+13;0.3501;-12.217;100.192
6,82E+13;0.0854;-11.774;95.784
6,82E+13;0.1333;-12.110;101.306
6,82E+13;0.4100;-12.697;100.982
6,82E+13;0.3333;-11.738;98.886
6,82E+13;0.1094;-11.774;100.335
6,82E+13;0.3465;-11.906;97.066
6,82E+13;0.6508;-12.062;97.676
6,82E+13;0.2878;-11.666;99.186
6,82E+13;-0.0966;-11.391;94.119
6,82E+13;0.0052;-10.577;100.491
6,82E+13;0.3801;-12.038;92.322
6,82E+13;0.6244;-11.247;102.946
6,82E+13;0.1717;-12.840;94.646
6,82E+13;0.1872;-11.319;99.820
6,82E+13;0.3525;-11.762;92.047
6,82E+13;0.1872;-10.636;96.047
6,82E+13;-0.1697;-12.014;100.000
6,82E+13;0.3741;-10.660;90.250
6,82E+13;0.5813;-12.409;97.964
6,82E+13;0.4483;-11.810;98.958
6,82E+13;-0.0308;-11.032;92.023
6,82E+13;0.0543;-11.199;96.143
6,82E+13;0.2507;-10.361;93.999
6,82E+13;0.5094;-12.026;97.952
6,82E+13;0.1321;-10.744;97.185
6,82E+13;0.2878;-12.481;95.952
6,82E+13;0.3561;-11.714;94.035
6,82E+13;0.4376;-13.870;100.036
6,82E+13;-0.1625;-12.325;104.935
6,82E+13;0.2986;-11.163;95.041
6,82E+13;0.3489;-12.277;99.473
6,82E+13;0.4747;-12.134;103.186
6,82E+13;0.3489;-13.954;96.179
6,82E+13;0.1860;-12.553;106.743
6,82E+13;0.2471;-11.990;93.784
6,82E+13;0.1178;-12.421;101.042
6,82E+13;0.2315;-10.960;98.635
6,82E+13;0.1082;-11.056;102.324
6,82E+13;0.3094;-11.535;89.723
6,82E+13;0.5226;-12.589;103.881
6,82E+13;0.4052;-10.864;96.275
6,82E+13;0.0842;-11.643;93.832
6,82E+13;0.0770;-10.577;94.418
6,82E+13;0.5226;-0.9175;90.178
6,82E+13;0.0758;-12.565;100.096
6,82E+13;0.1872;-0.9666;89.484
6,82E+13;0.5561;-11.990;90.873
6,82E+13;0.6951;-10.577;96.586
6,82E+13;0.1201;-11.283;92.562
6,82E+13;-0.0272;-12.421;95.185
6,82E+13;0.2914;-0.9582;91.807
6,82E+13;0.3022;-12.780;94.981
6,82E+13;0.1369;-11.607;96.634
6,82E+13;0.2423;-14.278;99.281
6,82E+13;0.4950;-11.403;98.623
6,82E+13;0.2160;-12.649;96.574
6,82E+13;-0.1973;-12.122;99.725
6,82E+13;0.0663;-11.846;97.988
6,82E+13;0.0938;-14.349;102.863
6,82E+13;0.4483;-11.762;98.778
6,82E+13;0.2435;-13.200;103.533
6,82E+13;0.1657;-12.828;102.443
6,82E+13;0.0399;-12.936;96.059
6,82E+13;0.1740;-12.900;99.557
6,82E+13;0.0890;-10.133;101.198
6,82E+13;0.0471;-13.188;98.467
6,82E+13;0.4699;-11.607;96.012
6,82E+13;0.4723;-12.146;99.916
6,82E+13;0.2088;-11.547;95.760
6,82E+13;0.1417;-12.732;96.347
6,82E+13;0.3154;-11.738;95.341
6,82E+13;0.3681;-11.690;98.455
6,82E+13;-0.0344;-11.966;97.173
6,82E+13;0.2459;-12.984;99.772
6,82E+13;0.5789;-12.984;102.491
6,82E+13;0.5849;-11.990;91.616
6,82E+13;0.1166;-14.050;104.935
6,82E+13;0.3082;-12.062;98.227
6,82E+13;0.2220;-12.229;93.520
6,82E+13;0.1729;-11.631;101.413
6,82E+13;0.1621;-10.960;93.161
6,82E+13;0.1633;-13.631;101.473
6,82E+13;0.4316;-12.337;95.257
6,82E+13;0.5729;-12.301;93.880
6,82E+13;0.4376;-12.062;100.311
6,82E+13;0.2040;-12.685;99.186
6,82E+13;0.5286;-12.936;95.544
6,82E+13;0.4004;-11.391;95.449
6,82E+13;-0.0164;-12.589;100.048
6,82E+13;0.5370;-12.852;94.742
6,82E+13;0.6472;-12.768;96.994
6,82E+13;0.5981;-11.535;95.820
6,82E+13;0.2112;-11.259;93.927
6,82E+13;0.4004;-11.894;95.964
6,82E+13;0.4531;-12.098;95.808
6,82E+13;0.2172;-13.152;92.167
6,82E+13;0.1273;-12.038;95.988
6,82E+13;0.3741;-12.385;100.946
6,82E+13;0.4891;-13.798;93.891
6,82E+13;0.6352;-12.565;94.598
6,82E+13;0.3202;-13.451;98.167
6,82E+13;0.1501;-14.325;99.868
6,82E+13;0.3980;-13.583;95.688
6,82E+13;0.2363;-13.271;93.149
6,82E+13;0.0004;-14.038;104.096
6,82E+13;0.1740;-15.080;91.903
6,82E+13;0.6088;-13.128;103.222
6,82E+13;0.4962;-11.966;93.029
6,82E+13;-0.1817;-15.032;99.425
6,82E+13;0.1764;-15.212;99.018
6,82E+13;0.5346;-12.146;95.257
6,82E+13;-0.0308;-16.170;100.874
6,82E+13;0.0076;-13.355;96.275
6,82E+13;0.2795;-15.200;102.527
6,82E+13;0.7454;-14.242;101.150
6,82E+13;0.4783;-14.577;97.557
6,82E+13;-0.1146;-13.236;94.490
6,82E+13;-0.0248;-14.182;102.659
6,82E+13;0.4531;-13.846;94.766
6,82E+13;0.0076;-13.427;94.107
6,82E+13;-0.0739;-13.379;102.863
6,82E+13;0.3070;-15.679;95.209
6,82E+13;11.790;-13.403;102.336
6,82E+13;0.4160;-15.140;94.059
6,82E+13;-0.1805;-15.715;101.353
6,82E+13;0.5322;-14.397;94.239
6,82E+13;0.5921;-12.361;97.401
6,82E+13;0.0567;-14.685;92.370
6,82E+13;-0.0224;-13.774;98.527
6,82E+13;0.4603;-13.595;94.335
6,82E+13;0.6723;-12.577;91.137
6,82E+13;0.5597;-14.373;95.604
6,82E+13;-0.1086;-15.068;93.676
6,82E+13;0.1297;-13.882;94.179
6,82E+13;0.5969;-13.798;97.569
6,82E+13;0.3333;-13.092;95.461
6,82E+13;-0.2967;-16.877;100.455
6,82E+13;0.2759;-13.092;91.759
6,82E+13;0.8101;-13.307;100.431
6,82E+13;0.2771;-14.613;95.628
6,82E+13;-0.1817;-17.979;99.509
6,82E+13;0.3465;-13.391;90.119
6,82E+13;0.2064;-13.607;98.778
6,82E+13;-0.0368;-14.158;97.868
6,82E+13;0.2627;-14.601;94.095
6,82E+13;0.0627;-14.565;102.407
6,82E+13;0.4112;-15.236;93.832
6,82E+13;0.4040;-14.888;98.563
6,82E+13;0.0770;-15.691;98.539
6,82E+13;0.1681;-16.218;96.838
6,82E+13;0.4938;-14.541;92.574
6,82E+13;-0.1314;-13.475;104.432
6,82E+13;-0.1661;-16.733;101.689
6,82E+13;0.4699;-13.751;93.748
6,82E+13;0.4100;-14.960;97.664
6,82E+13;0.0231;-16.254;103.438
6,82E+13;0.1932;-16.757;101.330
6,82E+13;0.6759;-13.391;94.251
6,82E+13;0.2818;-14.373;103.629
6,82E+13;-0.1098;-16.505;99.162
6,82E+13;-0.2512;-12.649;94.430
6,82E+13;0.2675;-15.296;97.760
6,82E+13;0.1896;-15.895;99.725
6,82E+13;0.3477;-14.924;102.072
6,82E+13;0.2232;-14.852;96.083
6,82E+13;0.4531;-14.553;95.844
6,82E+13;0.6016;-13.092;99.856
6,82E+13;-0.2332;-14.433;97.317
6,82E+13;0.0315;-15.248;94.299
6,82E+13;0.4579;-12.397;94.574
6,82E+13;-0.1985;-15.116;98.802
6,82E+13;-0.0907;-15.391;92.814
6,82E+13;0.3537;-13.643;101.473
6,82E+13;0.5489;-14.302;87.627
6,82E+13;-0.1038;-15.895;105.246
6,82E+13;-0.0380;-14.014;95.880
6,82E+13;-0.2512;-14.637;91.041
6,82E+13;0.0315;-15.272;99.174
6,82E+13;-0.1158;-14.445;95.029
6,82E+13;-0.3110;-15.499;102.970
6,82E+13;0.0471;-13.774;86.130
6,82E+13;0.6951;-11.846;100.144
6,82E+13;0.2926;-15.044;93.616
6,82E+13;-0.1218;-15.475;98.000
6,82E+13;0.5238;-12.241;91.903
6,82E+13;0.2148;-14.038;96.790
6,82E+13;0.0183;-15.415;91.400
6,82E+13;-0.2559;-15.583;94.227
6,82E+13;0.6663;-12.673;97.832
6,82E+13;0.4244;-12.146;84.465
6,82E+13;0.1393;-17.092;107.103
6,82E+13;0.1345;-17.116;101.114
6,82E+13;0.2495;-16.493;98.371
6,82E+13;0.5525;-12.924;99.856
6,82E+13;0.0303;-14.721;91.340
6,82E+13;-0.4656;-22.219;108.324
6,82E+13;0.5430;-11.499;98.503
6,82E+13;0.1908;-12.505;95.161
6,82E+13;-0.0308;-15.679;112.001
6,82E+13;0.6627;-13.894;81.159
6,82E+13;0.2771;-15.176;103.066
6,82E+13;0.0878;-13.247;94.299
6,82E+13;0.0315;-14.254;92.167
6,82E+13;-0.0260;-15.284;95.305
6,82E+13;0.3310;-12.673;92.119
6,82E+13;-0.1865;-14.397;86.274
6,82E+13;0.0734;-14.230;109.798
6,82E+13;0.2351;-14.781;79.471
6,82E+13;0.4831;-16.493;102.252
6,82E+13;0.3286;-11.774;93.029
6,82E+13;-0.1541;-16.026;88.777
6,82E+13;0.2950;-13.798;102.803
6,82E+13;0.4172;-13.044;91.580
6,82E+13;-0.5470;-16.589;95.053
6,82E+13;0.0998;-13.978;95.317
6,82E+13;0.3046;-14.505;97.664
6,82E+13;0.4663;-14.805;90.753
6,82E+13;0.0698;-16.757;103.246
6,82E+13;0.2447;-15.224;99.557
6,82E+13;0.7118;-16.589;100.683
6,82E+13;0.6543;-13.008;99.198
6,82E+13;-0.3458;-17.488;93.568
6,82E+13;-0.0212;-17.092;104.024
6,82E+13;0.7430;-12.984;99.832
6,82E+13;-0.0392;-14.613;92.993
6,82E+13;-0.0260;-16.374;97.113
6,82E+13;0.5370;-14.062;104.563
6,82E+13;0.6831;-13.487;87.100
6,82E+13;0.2363;-15.164;101.425
6,82E+13;0.2076;-14.302;97.796
6,82E+13;-0.0763;-16.817;94.957
6,82E+13;0.4411;-15.547;94.598
6,82E+13;0.1201;-10.960;92.251
6,82E+13;-0.2799;-17.991;97.089
6,82E+13;0.2902;-12.828;94.047
6,82E+13;0.1920;-14.349;93.436
6,82E+13;0.3681;-14.409;100.551
6,82E+13;0.5477;-16.889;98.167
6,82E+13;0.7130;-15.391;97.042
6,82E+13;-0.1218;-15.619;95.724
6,82E+13;0.2100;-14.158;99.102
6,82E+13;-0.0871;-17.224;99.317
6,82E+13;0.1453;-17.691;107.714
6,82E+13;0.3669;-14.900;94.790
6,82E+13;-0.2248;-14.817;106.947
6,82E+13;0.1597;-18.985;99.473
6,82E+13;0.8232;-16.601;108.959
6,82E+13;0.5070;-14.541;97.389
6,82E+13;-0.3362;-18.122;107.210
6,82E+13;0.1992;-12.397;101.988
6,82E+13;0.2447;-16.062;98.395
6,82E+13;-0.1158;-15.655;104.528
6,82E+13;-0.3410;-15.715;92.730
6,82E+13;-0.2655;-14.505;106.995
6,82E+13;0.6376;-14.409;89.244
6,82E+13;0.4831;-14.888;108.264
6,82E+13;0.0519;-15.787;96.455
6,82E+13;0.3944;-13.188;89.879
6,82E+13;0.6855;-13.176;90.478
6,82E+13;0.1525;-14.302;100.611
6,82E+13;0.0495;-15.212;90.166
6,82E+13;0.3896;-11.822;88.130
6,82E+13;0.1381;-14.996;92.981
6,82E+13;0.1549;-12.541;90.155
6,82E+13;0.4364;-15.176;92.754
6,82E+13;0.4639;-14.864;92.766
6,82E+13;0.5298;-14.361;96.766
6,82E+13;0.5621;-13.822;95.269
6,82E+13;0.0435;-18.697;89.843
6,82E+13;0.6543;-16.014;103.234
6,82E+13;0.4376;-12.756;91.065
6,82E+13;-0.4248;-16.769;101.737
6,82E+13;0.0806;-15.200;92.442
6,82E+13;0.6520;-17.164;100.862
6,82E+13;0.2663;-15.559;92.322
6,82E+13;0.3262;-15.212;100.072
6,82E+13;0.3286;-14.457;95.928
6,82E+13;0.5465;-18.015;98.239
6,82E+13;0.5885;-14.769;97.916
6,82E+13;-0.2847;-18.038;103.941
6,82E+13;0.2543;-15.679;95.820
6,82E+13;0.0447;-16.745;95.652
6,82E+13;0.0159;-16.589;105.198
6,82E+13;0.0064;-17.823;97.628
6,82E+13;0.1980;-16.110;106.839
6,82E+13;0.4591;-16.110;97.557
6,82E+13;0.4076;-15.595;99.138
6,82E+13;0.1369;-16.194;98.407
6,82E+13;0.3477;-16.829;102.791
6,82E+13;0.0722;-15.523;94.622
6,82E+13;-0.0703;-14.385;98.766
6,82E+13;-0.0200;-17.452;94.694
6,82E+13;0.4651;-12.505;95.089
6,82E+13;0.1525;-16.266;93.400
6,82E+13;-0.0272;-14.529;96.347
6,82E+13;0.3669;-16.661;96.155
6,82E+13;0.7322;-16.170;100.036
6,82E+13;0.4136;-15.942;92.778
6,82E+13;0.1405;-17.152;95.113
6,82E+13;0.0914;-16.170;95.257
6,82E+13;0.6172;-15.451;95.149
6,82E+13;0.3154;-13.607;95.053
6,82E+13;-0.4296;-17.715;96.431
6,82E+13;0.4651;-15.703;91.927
6,82E+13;0.8771;-14.888;99.964
6,82E+13;-0.0224;-18.434;94.981
6,82E+13;0.1309;-18.470;103.761
6,82E+13;0.9059;-14.805;90.861
6,82E+13;0.3226;-19.212;101.090
6,82E+13;0.2902;-13.212;98.287
6,82E+13;-0.2332;-14.577;75.338
6,82E+13;-0.1709;-18.290;103.785
6,82E+13;0.8053;-16.290;102.096
6,82E+13;0.0351;-20.003;100.144
6,82E+13;0.1681;-15.930;95.796
6,82E+13;0.2747;-21.404;95.976
6,82E+13;0.4879;-17.583;103.342
6,82E+13;0.3298;-21.728;100.371
6,82E+13;0.4076;-15.930;99.677
6,82E+13;0.4723;-20.135;100.719
6,82E+13;0.4938;-18.134;100.371
6,82E+13;0.2495;-16.086;87.436
6,82E+13;0.1106;-20.434;103.294
6,82E+13;0.6220;-16.194;91.364
6,82E+13;0.1788;-20.841;92.598
6,82E+13;0.4471;-17.835;98.467
6,82E+13;0.4747;-17.571;91.688
6,82E+13;0.6016;-19.236;90.861
6,82E+13;0.2064;-16.805;96.012
6,82E+13;-0.0128;-22.243;83.363
6,82E+13;0.5525;-19.260;109.115
6,82E+13;0.3705;-18.194;90.035
6,82E+13;0.2279;-18.793;96.071
6,82E+13;-0.1398;-20.530;97.892
6,82E+13;0.4495;-19.500;91.197
6,82E+13;0.1764;-19.703;97.042
6,82E+13;0.5861;-18.326;95.317
6,82E+13;0.3765;-22.195;98.335
6,82E+13;0.3525;-19.919;96.610
6,82E+13;0.2208;-18.901;90.178
6,82E+13;0.1130;-20.147;100.587
6,82E+13;0.3010;-19.308;93.245
6,82E+13;-0.1266;-22.231;95.796
6,82E+13;0.2890;-18.170;99.760
6,82E+13;0.2663;-21.763;100.455
6,82E+13;0.7418;-20.242;101.353
6,82E+13;0.3226;-20.937;100.096
6,82E+13;0.3980;-20.362;97.652
6,82E+13;0.2675;-22.195;102.647
6,82E+13;0.3166;-21.763;102.396
6,82E+13;0.0890;-20.302;97.113
6,82E+13;-0.1793;-20.278;104.324
6,82E+13;0.2663;-19.128;93.712
6,82E+13;0.1561;-21.368;107.690
6,82E+13;0.3369;-18.027;90.394
6,82E+13;0.0267;-19.596;99.305
6,82E+13;0.1118;-19.811;90.849
6,82E+13;0.3849;-18.841;96.347
6,82E+13;0.3310;-19.212;90.945
6,82E+13;0.1645;-18.290;95.496
6,82E+13;-0.1362;-20.925;90.562
6,82E+13;0.3956;-17.332;93.209
6,82E+13;0.0279;-19.643;89.328
6,82E+13;0.3681;-19.584;97.089
6,82E+13;0.3130;-20.518;92.598
6,82E+13;0.4052;-19.176;94.622
6,82E+13;0.3262;-18.434;91.903
6,82E+13;0.2926;-20.793;93.233
6,82E+13;0.3441;-21.859;100.371
6,82E+13;0.2339;-19.536;93.616
6,82E+13;0.1309;-19.284;95.784
6,82E+13;-0.1146;-20.937;102.168
6,82E+13;0.4232;-20.015;93.592
6,82E+13;0.1201;-22.135;99.257
6,82E+13;0.4220;-18.877;99.808
6,82E+13;0.1657;-20.913;97.221
6,82E+13;0.3992;-19.033;98.108
6,82E+13;0.3226;-20.015;89.412
6,82E+13;-0.1110;-21.536;104.324
6,82E+13;0.4435;-17.332;92.394
6,82E+13;0.0495;-20.027;99.521
6,82E+13;0.3010;-19.596;94.107
6,82E+13;0.2100;-21.811;97.413
6,82E+13;0.3130;-20.494;93.101
6,82E+13;0.3142;-19.104;98.167
6,82E+13;0.2914;-19.608;93.065
6,82E+13;0.2459;-20.817;98.874
6,82E+13;-0.0104;-19.452;91.137
6,82E+13;0.1836;-19.380;99.940
6,82E+13;0.1752;-19.548;98.359
6,82E+13;0.1740;-20.530;93.496
6,82E+13;0.0842;-21.081;98.251
6,82E+13;0.4867;-20.985;92.538
6,82E+13;0.1788;-18.901;101.222
6,82E+13;0.0255;-20.182;97.269
6,82E+13;0.1908;-19.919;93.352
6,82E+13;0.0555;-21.356;100.994
6,82E+13;0.1764;-18.338;95.257
6,82E+13;-0.2380;-20.781;97.628
6,82E+13;0.4232;-19.787;97.042
6,82E+13;0.3765;-20.614;97.173
6,82E+13;0.4088;-19.584;97.221
6,82E+13;0.1729;-21.129;99.677
6,82E+13;0.2016;-19.188;92.538
6,82E+13;0.0579;-20.602;96.934
6,82E+13;-0.0823;-20.590;102.455
6,82E+13;0.3561;-17.955;91.185
6,82E+13;0.0579;-21.045;98.814
6,82E+13;0.4747;-20.075;95.700
6,82E+13;0.3932;-20.087;100.994
6,82E+13;0.3573;-18.985;96.311
6,82E+13;0.4340;-19.093;90.514
6,82E+13;-0.0392;-21.117;95.724
6,82E+13;0.3369;-18.290;94.179
6,82E+13;0.0663;-19.200;91.783
6,82E+13;0.3393;-18.266;94.934
6,82E+13;0.1393;-21.117;95.952
6,82E+13;0.3789;-19.655;96.239
6,82E+13;0.3286;-19.548;92.682
6,82E+13;0.3333;-19.608;95.125
6,82E+13;0.1178;-20.578;95.041
6,82E+13;0.0136;-21.009;98.862
6,82E+13;0.2052;-18.961;94.275
6,82E+13;-0.0356;-21.093;102.276
6,82E+13;0.5501;-17.907;91.077
6,82E+13;0.1872;-20.805;97.640
6,82E+13;0.0806;-20.733;99.413
6,82E+13;0.2256;-19.452;92.490
6,82E+13;-0.2380;-19.751;97.245
6,82E+13;0.2124;-19.404;96.718
6,82E+13;0.0483;-20.638;96.335
6,82E+13;0.3872;-19.128;91.771
6,82E+13;0.0926;-19.368;102.527
6,82E+13;0.2890;-19.763;91.795
6,82E+13;0.2208;-19.033;94.395
6,82E+13;0.2483;-20.709;94.323
6,82E+13;0.2735;-20.781;101.018
6,82E+13;-0.1230;-20.386;96.838
6,82E+13;0.3825;-17.164;89.699
6,82E+13;0.1022;-20.913;101.497
6,82E+13;0.2830;-18.649;93.245
6,82E+13;0.1537;-20.757;92.071
6,82E+13;0.2315;-18.170;101.401
6,82E+13;0.2854;-20.099;88.286
6,82E+13;-0.1026;-21.009;99.102
6,82E+13;0.0698;-19.284;95.173
6,82E+13;-0.0032;-18.925;98.407
6,82E+13;0.6951;-18.374;88.993
6,82E+13;0.2136;-20.853;101.485
6,82E+13;0.4136;-18.434;93.628
6,82E+13;0.3920;-18.937;92.550
6,82E+13;0.0962;-19.763;97.305
6,82E+13;0.0531;-19.979;92.179
6,82E+13;-0.1278;-18.949;92.586
6,82E+13;0.5633;-16.182;85.974
6,82E+13;0.3813;-23.237;100.299
6,82E+13;0.5669;-18.925;100.407
6,82E+13;0.1800;-20.254;92.814
6,82E+13;0.4160;-17.284;91.328
6,82E+13;0.1070;-21.141;94.670
6,82E+13;0.1513;-21.344;98.491
6,82E+13;0.2315;-19.620;95.892
6,82E+13;0.2902;-20.446;99.641
6,82E+13;0.3453;-20.398;101.605
6,82E+13;-0.0751;-21.656;92.849
6,82E+13;0.0459;-20.877;94.754
6,82E+13;0.1393;-21.165;94.850
6,82E+13;0.0483;-20.757;97.425
6,82E+13;0.1800;-18.961;96.838
6,82E+13;-0.0811;-21.560;94.574
6,82E+13;0.4388;-21.799;91.436
6,82E+13;0.3825;-23.752;95.341
6,82E+13;0.3633;-24.961;105.821
6,82E+13;-0.2032;-19.272;99.509
6,82E+13;0.1034;-18.889;87.867
6,82E+13;0.0938;-23.716;106.636
6,82E+13;0.1261;-22.458;109.762
6,82E+13;0.4555;-24.698;87.004
6,82E+13;0.1237;-20.829;112.936
6,82E+13;0.3214;-26.303;89.220
6,82E+13;0.2950;-25.980;103.354
6,82E+13;-0.2715;-22.818;95.473
6,82E+13;0.4891;-17.488;95.473
6,82E+13;0.0938;-20.602;102.683
6,82E+13;0.3908;-21.991;92.466
6,82E+13;0.2375;-23.153;96.071
6,82E+13;0.4280;-20.985;89.005
6,82E+13;0.3896;-23.165;96.970
6,82E+13;0.0902;-22.219;97.281
6,82E+13;0.0842;-21.308;84.777
6,82E+13;0.0555;-20.422;98.730
6,82E+13;0.3872;-19.200;86.226
6,82E+13;0.1022;-22.470;103.737
6,82E+13;0.1621;-21.260;83.303
6,82E+13;0.1201;-23.800;91.161
6,82E+13;-0.0667;-21.787;99.796
6,82E+13;0.0531;-21.045;85.028
6,82E+13;-0.1973;-22.818;101.749
6,82E+13;0.6747;-20.578;91.783
6,82E+13;0.1357;-25.369;101.641
6,82E+13;-0.2296;-21.153;101.533
6,82E+13;0.3681;-23.692;88.394
6,82E+13;-0.4907;-22.111;99.653
6,82E+13;0.1621;-21.081;90.502
6,82E+13;-0.0475;-21.644;101.964
6,82E+13;0.0734;-22.231;100.455
6,82E+13;0.4435;-21.105;94.586
6,82E+13;0.1237;-22.362;92.239
6,82E+13;0.1764;-23.788;100.934
6,82E+13;-0.4452;-23.872;100.467
6,82E+13;0.2615;-22.015;92.227
6,82E+13;0.1082;-21.775;105.462
6,82E+13;0.6508;-23.884;97.185
6,82E+13;0.0076;-23.404;105.522
6,82E+13;0.0279;-20.626;90.298
6,82E+13;0.0124;-22.973;95.365
6,82E+13;-0.2979;-21.572;103.653
6,82E+13;0.3801;-20.781;88.442
6,82E+13;0.0375;-20.470;99.569
6,82E+13;0.0878;-20.913;89.604
6,82E+13;-0.1014;-23.081;97.820
6,82E+13;-0.1122;-22.925;94.383
6,82E+13;-0.0703;-20.374;88.705
6,82E+13;-0.0966;-20.194;96.167
6,82E+13;0.5262;-20.997;93.460
6,82E+13;-0.0248;-22.638;102.288
6,82E+13;0.0423;-22.614;86.202
6,82E+13;0.0579;-22.111;97.617
6,82E+13;-0.2368;-23.093;96.850
6,82E+13;0.0471;-22.183;99.557
6,82E+13;-0.0559;-20.422;95.449
6,82E+13;0.2806;-22.422;94.359
6,82E+13;0.1561;-22.530;104.659
6,82E+13;0.1010;-24.171;91.101
6,82E+13;-0.1134;-19.979;94.011
6,82E+13;0.2208;-21.260;93.760
6,82E+13;0.3645;-19.344;91.280
6,82E+13;0.2064;-22.686;100.671
6,82E+13;0.3777;-20.985;86.693
6,82E+13;0.4220;-22.542;94.454
6,82E+13;0.1681;-22.841;94.862
6,82E+13;0.1872;-20.686;96.802
6,82E+13;0.2902;-22.291;92.933
6,82E+13;0.6184;-20.434;95.976
6,82E+13;0.4100;-22.662;93.508
6,82E+13;0.2986;-22.542;99.174
6,82E+13;0.1693;-23.057;93.041
6,82E+13;0.2783;-21.680;101.689
6,82E+13;0.3393;-21.811;88.969
6,82E+13;0.3034;-23.656;110.313
6,82E+13;0.5765;-23.596;93.868
6,82E+13;0.3214;-22.973;97.269
6,82E+13;0.2519;-21.919;97.772
6,82E+13;0.2279;-21.332;99.174
6,82E+13;0.1824;-22.578;96.311
6,82E+13;0.4783;-20.638;93.963
6,82E+13;0.5070;-23.153;97.437
6,82E+13;0.2818;-21.967;96.634
6,82E+13;0.1273;-21.955;93.508
6,82E+13;0.1453;-19.919;94.131
6,82E+13;0.5406;-21.907;92.730
6,82E+13;0.2327;-22.183;100.539
6,82E+13;0.3310;-22.853;91.520
6,82E+13;0.1417;-22.554;96.946
6,82E+13;0.3010;-21.464;93.364
6,82E+13;0.3789;-20.769;93.508
6,82E+13;0.1429;-22.015;103.234
6,82E+13;0.3729;-21.811;86.980
6,82E+13;0.3657;-25.081;103.965
6,82E+13;0.3537;-24.099;102.923
6,82E+13;-0.2464;-20.793;94.754
6,82E+13;0.2603;-21.332;92.957
6,82E+13;0.3813;-19.763;93.975
6,82E+13;0.2267;-23.045;94.670
6,82E+13;0.3154;-19.763;92.167
6,82E+13;-0.1458;-21.380;91.089
6,82E+13;0.4148;-21.668;95.053
6,82E+13;0.3034;-19.033;88.118
6,82E+13;0.2902;-22.003;92.885
6,82E+13;0.3046;-21.177;91.963
6,82E+13;-0.0667;-23.464;90.957
6,82E+13;0.0459;-20.877;98.850
6,82E+13;0.2555;-20.686;88.573
6,82E+13;0.3789;-22.135;103.354
6,82E+13;0.5825;-21.811;91.652
6,82E+13;0.3765;-23.009;94.323
6,82E+13;-0.0272;-21.368;95.892
6,82E+13;0.0112;-23.165;96.143
6,82E+13;-0.1026;-20.506;99.473
6,82E+13;0.8711;-21.500;90.190
6,82E+13;0.1501;-21.656;99.245
6,82E+13;-0.0200;-23.776;95.496
6,82E+13;0.2100;-21.440;94.993
6,82E+13;0.3597;-20.889;99.365
6,82E+13;0.7514;-20.793;91.484
6,82E+13;0.2627;-21.740;101.066
6,82E+13;-0.0847;-24.506;93.856
6,82E+13;0.0950;-19.847;96.323
6,82E+13;0.2567;-23.536;96.419
6,82E+13;0.5346;-20.626;103.114
6,82E+13;0.2447;-23.321;95.437
6,82E+13;0.1968;-23.045;93.868
6,82E+13;0.0327;-21.356;99.054
6,82E+13;0.1213;-20.997;96.850
6,82E+13;0.2926;-20.338;93.077
6,82E+13;0.2232;-22.171;93.017
6,82E+13;0.1896;-23.500;98.647
6,82E+13;-0.1194;-21.033;91.724
6,82E+13;-0.0751;-21.680;98.467
6,82E+13;0.3214;-19.787;95.101
6,82E+13;0.3537;-23.848;98.563
6,82E+13;0.1213;-21.033;94.574
6,82E+13;-0.1374;-23.872;93.317
6,82E+13;-0.2272;-22.973;103.450
6,82E+13;0.3956;-20.602;93.640
6,82E+13;0.4483;-20.877;97.113
6,82E+13;0.3429;-23.644;100.252
6,82E+13;-0.0727;-22.207;96.802
6,82E+13;0.2076;-22.159;92.370
6,82E+13;0.4603;-20.793;97.976
6,82E+13;-0.0451;-22.506;100.982
6,82E+13;0.6220;-21.213;92.215
6,82E+13;-0.2895;-22.051;97.628
6,82E+13;0.1082;-22.698;96.586
6,82E+13;0.1740;-21.704;98.084
6,82E+13;0.3980;-23.297;102.515
6,82E+13;0.2232;-20.458;93.364
6,82E+13;0.2639;-25.153;95.413
6,82E+13;0.0147;-19.835;102.312
6,82E+13;0.1058;-22.410;92.203
6,82E+13;-0.0128;-20.159;101.904
6,82E+13;0.2771;-21.847;85.759
6,82E+13;0.1645;-23.141;99.581
6,82E+13;-0.0475;-20.111;92.538
6,82E+13;0.3010;-20.662;87.088
6,82E+13;0.1956;-20.650;96.131
6,82E+13;0.2771;-21.105;89.053
6,82E+13;0.2016;-21.296;92.610
6,82E+13;-0.0308;-22.961;97.006
6,82E+13;0.2543;-19.332;94.023
6,82E+13;0.5202;-21.344;85.052
6,82E+13;0.0207;-22.470;93.820
6,82E+13;-0.0954;-22.470;97.892
6,82E+13;-0.0691;-22.362;96.047
6,82E+13;0.4364;-20.290;89.436
6,82E+13;0.4435;-23.069;105.174
6,82E+13;0.2483;-23.345;91.915
6,82E+13;-0.3110;-20.697;90.873
6,82E+13;-0.5458;-21.775;89.604
6,82E+13;0.6388;-21.117;98.994
6,82E+13;0.3022;-23.009;103.497
6,82E+13;0.2663;-22.506;94.622
6,82E+13;-0.3194;-22.841;93.556
6,82E+13;0.1657;-22.350;102.467
6,82E+13;0.1956;-21.763;96.515
6,82E+13;0.1776;-22.302;99.641
6,82E+13;0.0986;-22.434;95.425
6,82E+13;-0.1038;-24.087;100.096
6,82E+13;0.2004;-22.314;104.959
6,82E+13;0.3058;-20.697;94.778
6,82E+13;-0.0835;-22.841;99.485
6,82E+13;-0.1134;-22.255;95.880
6,82E+13;-0.1050;-22.806;99.150
6,82E+13;0.0147;-19.452;95.473
6,82E+13;0.4687;-20.350;85.579
6,82E+13;-0.2667;-23.201;102.791
6,82E+13;0.1968;-22.195;96.694
6,82E+13;0.0794;-20.841;91.783
6,82E+13;0.0495;-21.320;96.047
6,82E+13;0.1393;-22.913;94.814
6,82E+13;0.2818;-22.590;97.006
6,82E+13;-0.0044;-19.344;94.371
6,82E+13;0.2495;-21.284;90.322
6,82E+13;0.0519;-21.584;102.228
6,82E+13;0.1453;-23.704;87.555
6,82E+13;0.2244;-22.470;102.515
6,82E+13;0.2375;-19.655;93.305
6,82E+13;0.3034;-20.841;93.880
6,82E+13;0.0794;-24.818;103.665
6,82E+13;0.0507;-20.769;93.041
6,82E+13;0.2040;-21.907;89.843
6,82E+13;0.4220;-19.524;100.359
6,82E+13;0.4639;-21.883;90.155
6,82E+13;0.3190;-22.027;101.617
6,82E+13;-0.0008;-22.794;91.831
6,82E+13;-0.1517;-19.620;93.029
6,82E+13;0.2088;-22.578;100.611
6,82E+13;0.1729;-23.225;96.742
6,82E+13;0.2256;-23.333;97.149
6,82E+13;0.1705;-22.243;99.796
6,82E+13;0.0878;-20.542;98.682
6,82E+13;0.1070;-20.829;92.802
6,82E+13;0.0219;-21.823;91.053
6,82E+13;-0.0607;-21.991;98.167
6,82E+13;-0.1625;-20.817;94.634
6,82E+13;0.2651;-20.314;95.892
6,82E+13;0.0016;-23.356;97.605
6,82E+13;0.2830;-23.919;100.192
6,82E+13;0.0686;-19.524;95.017
6,82E+13;0.0255;-20.889;90.262
6,82E+13;0.1669;-20.410;94.419
6,82E+13;-0.0296;-22.051;98.371
6,82E+13;0.1321;-22.314;92.131
6,82E+13;0.2435;-19.284;89.041
6,82E+13;0.2615;-22.554;104.575
6,82E+13;0.2866;-20.925;96.263
6,82E+13;0.0663;-21.117;91.017
6,82E+13;0.0998;-23.213;97.772
6,82E+13;0.2471;-20.494;95.892
6,82E+13;0.0651;-23.884;97.221
6,82E+13;0.3357;-21.344;99.329
6,82E+13;-0.0212;-21.225;93.688
6,82E+13;0.2723;-21.368;93.077
6,82E+13;0.2519;-22.614;98.850
6,82E+13;-0.0919;-22.135;96.227
6,82E+13;-0.0104;-21.548;93.448
6,82E+13;0.3250;-19.512;90.622
6,82E+13;0.1393;-21.380;98.790
6,82E+13;0.1501;-22.434;90.693
6,82E+13;0.0663;-21.979;102.911
6,82E+13;0.2124;-20.877;89.077
6,82E+13;0.3333;-24.351;98.120
6,82E+13;0.1896;-20.614;109.498
6,82E+13;-0.0152;-23.416;84.321
6,82E+13;0.2339;-16.158;97.892
6,82E+13;0.4603;-23.285;85.843
6,82E+13;0.0483;-23.620;106.372
6,82E+13;0.1357;-20.566;88.442
6,82E+13;-0.0859;-21.560;95.580
6,82E+13;0.5621;-18.817;96.814
6,82E+13;0.1022;-22.710;96.443
6,82E+13;-0.3098;-24.411;91.232
6,82E+13;0.3525;-19.572;94.886
6,82E+13;0.5214;-21.943;98.371
6,82E+13;0.2064;-19.524;94.239
6,82E+13;-0.0511;-21.093;94.981
6,82E+13;0.1273;-22.506;91.915
6,82E+13;0.1273;-22.003;95.772
6,82E+13;0.2902;-22.542;101.078
6,82E+13;0.1537;-19.955;92.275
6,82E+13;0.1417;-21.847;96.395
6,82E+13;0.1357;-23.572;101.797
6,82E+13;0.3214;-22.099;98.299
6,82E+13;0.2806;-22.710;97.772
6,82E+13;0.2004;-20.518;97.904
6,82E+13;0.0878;-22.255;97.389
6,82E+13;0.1729;-23.297;102.192
6,82E+13;0.2375;-23.021;99.401
6,82E+13;-0.2284;-19.320;94.862
6,82E+13;0.1154;-22.662;96.203
6,82E+13;0.5837;-19.356;96.970
6,82E+13;0.3238;-22.183;89.855
6,82E+13;0.2842;-19.943;98.311
6,82E+13;0.3980;-20.853;89.604
6,82E+13;-0.3865;-20.087;101.797
6,82E+13;0.4304;-21.009;80.956
6,82E+13;-0.0308;-21.129;97.149
6,82E+13;0.2579;-21.392;97.089
6,82E+13;0.6052;-18.565;85.938
6,82E+13;-0.0739;-23.644;91.759
6,82E+13;-0.1326;-21.692;101.174
6,82E+13;0.2004;-21.632;93.041
6,82E+13;0.1321;-17.440;90.729
6,82E+13;0.1812;-25.273;90.418
6,82E+13;0.0806;-22.698;111.510
6,82E+13;-0.0547;-21.704;86.849
6,82E+13;-0.0032;-21.272;97.485
6,82E+13;0.0327;-20.111;99.473
6,82E+13;-0.0559;-24.662;96.107
6,82E+13;0.2735;-19.967;95.101
6,82E+13;0.3369;-21.524;93.305
6,82E+13;0.2040;-20.266;99.689
6,82E+13;0.1453;-19.596;91.197
6,82E+13;0.0507;-22.147;90.394
6,82E+13;0.3705;-20.278;94.359
6,82E+13;0.3010;-23.656;99.928
6,82E+13;0.5549;-20.709;100.144
6,82E+13;0.4974;-21.596;85.759
6,82E+13;0.2124;-23.524;103.629
6,82E+13;0.3920;-22.302;97.868
6,82E+13;0.1166;-20.721;90.729
6,82E+13;0.3477;-24.051;100.048
6,82E+13;0.6603;-22.027;102.060
6,82E+13;0.2267;-23.117;95.712
6,82E+13;0.4555;-21.117;102.096
6,82E+13;0.3609;-21.799;97.185
6,82E+13;0.2351;-22.410;98.108
6,82E+13;0.1178;-25.165;101.497
6,82E+13;0.3286;-20.398;103.473
6,82E+13;0.2447;-23.632;98.215
6,82E+13;0.4112;-20.446;101.066
6,82E+13;0.1417;-19.751;90.358
6,82E+13;0.3070;-23.860;99.569
6,82E+13;0.3765;-23.979;105.809
6,82E+13;-0.0595;-22.111;107.558
6,82E+13;-0.0715;-25.189;98.934
6,82E+13;0.6280;-22.758;109.127
6,82E+13;0.0028;-22.997;100.371
6,82E+13;0.4759;-24.866;104.791
6,82E+13;-0.1481;-17.547;97.664
6,82E+13;-0.2943;-23.009;94.718
6,82E+13;0.0028;-21.775;106.300
6,82E+13;-0.1002;-19.799;93.137
6,82E+13;0.3106;-19.021;98.072
6,82E+13;0.2543;-19.895;83.579
6,82E+13;-0.0978;-15.475;93.293
6,82E+13;0.0052;-21.045;79.339
6,82E+13;0.0710;-19.560;97.149
6,82E+13;0.3573;-20.147;83.495
6,82E+13;0.1860;-18.518;90.334
6,82E+13;0.5717;-15.523;73.841
6,82E+13;0.2890;-22.314;94.442
6,82E+13;0.2663;-19.152;91.376
6,82E+13;0.3693;-21.692;75.159
6,82E+13;0.3010;-19.500;99.006
6,82E+13;0.4064;-20.386;82.621
6,82E+13;0.1860;-16.625;86.238
6,82E+13;-0.2176;-20.614;80.129
6,82E+13;0.4088;-20.075;94.886
6,82E+13;-0.3290;-21.632;92.766
6,82E+13;-0.2571;-22.973;89.592
6,82E+13;0.4232;-19.667;101.629
6,82E+13;0.2279;-22.734;96.143
6,82E+13;-0.0571;-22.770;98.287
6,82E+13;-0.0787;-20.362;92.514
6,82E+13;-0.3410;-25.213;99.880
6,82E+13;0.2854;-22.806;110.864
6,82E+13;0.0866;-21.165;95.293
6,82E+13;0.1968;-23.668;101.773
6,82E+13;0.0854;-23.656;108.169
6,82E+13;0.2411;-23.249;104.336
6,82E+13;0.1249;-22.614;101.557
6,82E+13;0.2878;-21.871;95.329
6,82E+13;0.1944;-22.686;109.319
6,82E+13;-0.0248;-20.745;95.173
6,82E+13;0.1393;-16.865;82.681
6,82E+13;0.1285;-25.596;101.821
6,82E+13;0.0387;-19.284;108.648
6,82E+13;0.2543;-18.170;84.944
6,82E+13;-0.1122;-18.889;85.196
6,82E+13;0.1106;-21.883;96.982
6,82E+13;0.0854;-19.823;99.737
6,82E+13;-0.2979;-19.931;72.188
6,82E+13;-0.1529;-19.775;94.011
6,82E+13;0.3202;-22.674;102.779
6,82E+13;0.1705;-19.847;92.263
6,82E+13;0.5094;-20.075;87.256
6,82E+13;0.0387;-23.560;102.024
6,82E+13;0.1142;-23.907;98.371
6,82E+13;0.1585;-22.291;103.989
6,82E+13;0.1166;-19.631;94.311
6,82E+13;0.1609;-19.967;87.711
6,82E+13;-0.2691;-22.207;101.102
6,82E+13;-0.4260;-21.895;97.652
6,82E+13;-0.2392;-21.189;96.503
6,82E+13;-0.1194;-20.757;98.479
6,82E+13;-0.2727;-20.302;94.442
6,82E+13;-0.0356;-23.333;103.773
6,82E+13;-0.4524;-20.135;93.257
6,82E+13;-0.5446;-20.554;84.777
6,82E+13;-0.1170;-20.446;95.832
6,82E+13;-0.3937;-21.596;100.767
6,82E+13;-0.3542;-19.787;102.192
6,82E+13;0.1022;-18.554;75.710
6,82E+13;-0.3793;-24.614;105.677
6,82E+13;0.7142;-19.691;104.000
6,82E+13;-0.3937;-21.033;85.256
6,82E+13;-0.0176;-22.111;103.018
6,82E+13;-0.1302;-22.398;94.323
6,82E+13;0.2567;-21.979;101.904
6,82E+13;0.4184;-22.925;101.533
6,82E+13;0.2040;-20.290;94.419
6,82E+13;0.1860;-22.746;99.305
6,82E+13;0.3405;-20.051;96.503
6,82E+13;0.0890;-21.081;89.987
6,82E+13;0.2136;-20.913;103.138
6,82E+13;0.3417;-19.320;86.657
6,82E+13;0.2088;-21.225;92.502
6,82E+13;-0.0787;-21.440;101.857
6,82E+13;0.2064;-20.051;91.807
6,82E+13;0.0686;-21.847;94.742
6,82E+13;0.0327;-19.871;91.376
6,82E+13;-0.4224;-22.829;102.946
6,82E+13;-0.0284;-17.919;88.633
6,82E+13;-0.2835;-21.572;86.885
6,82E+13;-0.2260;-22.111;103.090
6,82E+13;0.0722;-21.368;96.035
6,82E+13;-0.3841;-20.554;96.503
6,82E+13;-0.5254;-23.261;90.993
6,82E+13;0.1249;-18.709;100.791
6,82E+13;-0.4943;-24.902;98.742
6,82E+13;-0.0607;-19.572;96.886
6,82E+13;-0.3446;-23.321;91.759
6,82E+13;-0.0056;-20.805;104.252
6,82E+13;0.0124;-19.943;94.658
6,82E+13;-0.3326;-19.116;93.101
6,82E+13;-0.0715;-21.236;82.944
6,82E+13;0.3513;-21.332;107.785
6,82E+13;-0.0751;-16.913;87.172
6,82E+13;-0.3458;-26.519;96.646
6,82E+13;0.2830;-21.740;116.349
6,82E+13;-0.5985;-23.237;89.196
6,82E+13;-0.3625;-20.566;91.843
6,82E+13;0.4879;-27.261;107.270
6,82E+13;0.7861;-15.727;108.863
6,82E+13;-0.6572;-27.249;79.423
6,82E+13;0.4447;-11.750;102.755
6,82E+13;-0.3613;-34.843;102.431
6,82E+13;-0.0619;-17.284;128.830
6,82E+13;0.1094;-16.302;47.371
6,82E+13;0.0100;-20.614;115.918
6,82E+13;-0.0248;-19.643;91.089
6,82E+13;-0.6201;-21.692;106.767
6,82E+13;0.6579;-12.996;68.882
6,82E+13;-0.1577;-20.829;83.279
6,82E+13;0.2028;-23.093;111.690
6,82E+13;-0.5889;-19.871;89.484
6,82E+13;-0.9015;-17.931;88.286
6,82E+13;0.4687;-22.949;79.303
6,82E+13;-0.8452;-17.272;104.468
6,82E+13;0.2531;-29.118;98.263
6,82E+13;-0.3578;-10.205;92.107
6,82E+13;0.8101;-24.315;59.768
6,82E+13;0.0315;-22.734;129.860
6,82E+13;-0.9267;-21.919;91.173
6,82E+13;0.0183;-14.685;82.597
6,82E+13;-0.0296;-27.165;92.957
6,82E+13;-0.7650;-24.446;120.649
6,82E+13;0.0651;-19.104;81.327
6,82E+13;-0.0547;-22.470;104.516
6,82E+13;-0.5039;-18.709;90.777
6,82E+13;-0.6787;-25.021;114.936
6,82E+13;0.3669;-20.135;92.191
6,82E+13;-0.8836;-22.806;92.310
6,82E+13;-0.3003;-19.356;113.247
6,82E+13;-0.0020;-18.601;84.142
6,82E+13;-0.8836;-23.177;110.349
6,82E+13;-0.0200;-22.602;99.317
6,82E+13;-0.3242;-21.931;99.389
6,82E+13;-0.6931;-23.620;103.078
6,82E+13;-0.2296;-20.721;101.617
6,82E+13;-0.1338;-19.919;94.466
6,82E+13;-0.2332;-21.919;96.802
6,82E+13;-0.4404;-18.542;87.016
6,82E+13;-0.0715;-21.704;97.257
6,82E+13;0.1609;-22.051;106.121
6,82E+13;-0.2871;-18.362;88.154
6,82E+13;-0.0523;-22.063;95.904
6,82E+13;-0.2284;-20.194;101.773
6,82E+13;-0.1350;-20.841;87.340
6,82E+13;0.2615;-20.709;97.209
6,82E+13;-0.3386;-19.620;93.927
6,82E+13;-0.0344;-24.626;95.868
6,82E+13;-0.1182;-16.769;98.371
6,82E+13;-0.5494;-21.608;80.405
6,82E+13;-0.0284;-16.625;101.940
6,82E+13;-0.1625;-18.733;80.321
6,82E+13;-0.2488;-20.877;97.928
6,82E+13;-0.2943;-18.482;88.250
6,82E+13;-0.0823;-20.781;83.699
6,82E+13;0.0136;-19.871;103.318
6,82E+13;-0.4105;-18.470;78.021
6,82E+13;-0.0883;-20.638;93.999
6,82E+13;-0.0044;-21.835;97.401
6,82E+13;-0.0248;-23.285;93.975
6,82E+13;0.2148;-20.338;102.994
6,82E+13;-0.2248;-21.524;90.166
6,82E+13;-0.2679;-24.303;102.851
6,82E+13;-0.3062;-17.392;99.018
6,82E+13;0.3573;-18.374;77.614
6,82E+13;-0.0332;-26.914;104.551
6,82E+13;-0.1182;-21.883;115.319
6,82E+13;-0.5817;-16.673;106.336
6,82E+13;-0.0559;-20.997;72.476
6,82E+13;-0.0835;-22.267;124.901
6,82E+13;-0.3242;-19.440;109.953
6,82E+13;-0.2883;-18.613;84.741
6,82E+13;0.4124;-20.003;89.448
6,82E+13;-0.5745;-23.069;118.266
6,82E+13;-0.5925;-17.559;120.254
6,82E+13;0.2411;-18.362;57.348
6,82E+13;-0.5973;-21.895;113.415
6,82E+13;-0.0356;-18.242;102.827
6,82E+13;-0.3865;-17.008;100.551
6,82E+13;-0.4212;-19.811;81.375
6,82E+13;0.3465;-16.374;97.820
6,82E+13;-0.2032;-20.027;98.874
6,82E+13;-0.5374;-17.643;94.347
6,82E+13;0.0627;-20.398;92.167
6,82E+13;-0.1577;-14.936;92.370
6,82E+13;0.0938;-20.865;92.155
6,82E+13;-0.0392;-18.242;97.880
6,82E+13;-0.7997;-17.284;88.933
6,82E+13;-0.1410;-19.979;85.304
6,82E+13;-0.3709;-17.643;106.408
6,82E+13;0.2603;-21.404;87.891
6,82E+13;-0.5314;-15.379;105.845
6,82E+13;0.1980;-22.195;70.164
6,82E+13;-0.3757;-17.116;124.674
6,82E+13;-0.3194;-19.811;77.219
6,82E+13;-0.0272;-19.991;101.533
6,82E+13;-0.4919;-21.416;98.287
6,82E+13;0.0124;-23.201;95.053
6,82E+13;-0.6871;-18.470;111.666
6,82E+13;-0.2559;-22.314;73.146
6,82E+13;-0.4033;-23.788;117.571
6,82E+13;-0.2116;-23.955;89.172
6,82E+13;-0.2512;-22.302;97.449
6,82E+13;-0.7410;-22.662;101.138
6,82E+13;-0.1026;-21.608;97.245
6,82E+13;-0.2583;-27.034;97.856
6,82E+13;-0.1002;-23.800;90.777
6,82E+13;-0.0439;-25.848;96.586
6,82E+13;-0.4632;-21.656;96.443
6,82E+13;-0.0751;-25.488;90.119
6,82E+13;-0.1422;-24.770;93.963
6,82E+13;0.5346;-24.446;98.503
6,82E+13;-0.0559;-26.938;94.838
6,82E+13;-0.4596;-23.943;99.760
6,82E+13;0.1836;-26.459;84.010
6,82E+13;-0.3374;-22.997;103.521
6,82E+13;0.6124;-26.662;89.172
6,82E+13;0.1908;-22.758;96.826
6,82E+13;-0.6189;-23.440;91.736
6,82E+13;-0.1469;-17.464;92.778
6,82E+13;-0.5099;-19.308;104.683
6,82E+13;-0.0403;-18.386;86.861
6,82E+13;0.3705;-15.571;93.353
6,82E+13;-0.0439;-23.488;88.046
6,82E+13;-0.4727;-19.116;99.006
6,82E+13;0.0591;-15.451;97.401
6,82E+13;0.1118;-16.218;93.089
6,82E+13;-0.2152;-21.248;96.622
6,82E+13;0.1980;-22.231;90.586
6,82E+13;-0.4308;-15.451;100.958
6,82E+13;0.0483;-16.961;90.310
6,82E+13;-0.1661;-19.584;96.503
6,82E+13;-0.3793;-28.950;97.078
6,82E+13;-0.0392;-28.219;98.371
6,82E+13;-0.7674;-20.913;105.270
6,82E+13;0.1118;-27.273;86.358
6,82E+13;-0.5254;-22.686;111.462
6,82E+13;-0.5901;-18.961;96.371
6,82E+13;0.2687;-16.972;102.240
6,82E+13;0.0255;-21.895;97.197
6,82E+13;-0.6668;-24.698;103.917
6,82E+13;-0.4093;-15.751;109.007
6,82E+13;-0.0212;-21.859;94.730
6,82E+13;0.0734;-22.973;96.347
6,82E+13;-0.4404;-27.812;85.819
6,82E+13;-0.2140;-23.380;109.570
6,82E+13;0.1693;-20.242;91.903
6,82E+13;-0.0296;-19.631;98.060
6,82E+13;-0.3985;-18.398;96.347
6,82E+13;-0.1002;-20.721;92.873
6,82E+13;0.2483;-15.595;104.048
6,82E+13;-0.1326;-21.476;87.484
6,82E+13;-0.3637;-20.626;102.815
6,82E+13;-0.1745;-23.380;86.669
6,82E+13;0.1405;-23.728;98.838
6,82E+13;0.1788;-23.081;89.855
6,82E+13;-0.2763;-19.883;97.425
6,82E+13;-0.0643;-15.619;95.532
6,82E+13;-0.0523;-21.380;92.849
6,82E+13;0.0495;-20.015;97.497
6,82E+13;-0.1565;-19.847;87.016
6,82E+13;-0.2667;-19.608;101.725
6,82E+13;0.1010;-21.740;89.208
6,82E+13;-0.0535;-24.518;96.479
6,82E+13;0.0052;-23.177;94.227
6,82E+13;0.1010;-19.751;95.125
6,82E+13;-0.1649;-18.889;100.755
6,82E+13;-0.3278;-19.452;90.598
6,82E+13;-0.4200;-22.171;98.311
6,82E+13;0.1693;-21.787;98.994
6,82E+13;0.4100;-20.494;92.873
6,82E+13;-0.0068;-21.045;96.071
6,82E+13;-0.2715;-22.338;92.263
6,82E+13;-0.1170;-22.075;100.168
6,82E+13;0.1034;-20.087;99.832
6,82E+13;-0.1481;-20.039;93.257
6,82E+13;-0.1026;-21.428;99.904
6,82E+13;0.0064;-20.793;96.419
6,82E+13;-0.1709;-21.692;96.802
6,82E+13;-0.0523;-19.787;94.874
6,82E+13;-0.1649;-22.662;90.837
6,82E+13;-0.0188;-19.763;97.365
6,82E+13;-0.0392;-21.272;94.694
6,82E+13;-0.0427;-18.158;95.892
6,82E+13;-0.0511;-19.955;89.160
6,82E+13;0.0339;-20.985;98.120
6,82E+13;-0.0439;-19.847;90.789
6,82E+13;-0.2488;-20.075;87.256
6,82E+13;-0.1757;-22.063;98.383
6,82E+13;-0.0092;-21.584;101.809
6,82E+13;-0.1338;-20.254;93.376
6,82E+13;-0.2440;-22.279;92.370
6,82E+13;-0.0164;-21.524;101.030
6,82E+13;0.0950;-21.799;98.575
6,82E+13;0.0135;-20.242;95.676
6,82E+13;-0.2056;-22.291;95.616
6,82E+13;-0.0296;-23.812;103.581
6,82E+13;0.2830;-18.170;98.431
6,82E+13;-0.2068;-22.626;92.179
6,82E+13;-0.2404;-18.290;98.730
6,82E+13;-0.2272;-23.632;93.149
6,82E+13;-0.1302;-19.212;105.701
6,82E+13;0.0076;-21.045;84.393
6,82E+13;0.0567;-20.242;101.258
6,82E+13;-0.1194;-19.871;90.502
6,82E+13;-0.3841;-21.129;92.083
6,82E+13;-0.0284;-19.835;96.970
6,82E+13;-0.1134;-22.770;94.754
6,82E+13;-0.2332;-20.326;102.036
6,82E+13;-0.0308;-21.380;86.945
6,82E+13;-0.1793;-20.650;97.197
6,82E+13;-0.2116;-22.650;96.742
6,82E+13;-0.3051;-22.171;100.431
6,82E+13;-0.1565;-24.530;93.029
6,82E+13;-0.1805;-24.926;98.563
6,82E+13;-0.2907;-23.716;102.994
6,82E+13;-0.2428;-23.584;91.125
6,82E+13;-0.3362;-23.416;98.371
6,82E+13;-0.2284;-24.638;94.946
6,82E+13;-0.0320;-23.536;102.072
6,82E+13;0.0279;-21.308;95.257
6,82E+13;-0.2128;-23.560;91.316
6,82E+13;-0.3637;-23.872;104.252
6,82E+13;-0.2607;-24.650;97.413
6,82E+13;-0.1865;-24.399;94.946
6,82E+13;-0.2032;-25.764;98.479
6,82E+13;-0.0415;-25.740;96.467
6,82E+13;0.0914;-24.327;91.448
6,82E+13;-0.4512;-27.249;97.844
6,82E+13;-0.2595;-24.638;102.683
6,82E+13;0.3681;-28.195;87.651
6,82E+13;-0.6237;-27.752;103.402
6,82E+13;0.1537;-26.099;87.819
6,82E+13;0.1465;-23.884;91.137
6,82E+13;-0.3853;-22.973;84.621
6,82E+13;0.2663;-24.650;77.506
6,82E+13;-0.4907;-24.722;96.586
6,82E+13;0.0088;-26.674;87.364
6,82E+13;0.2723;-24.411;89.711
6,82E+13;-0.5745;-25.656;99.892
6,82E+13;0.1249;-27.644;83.998
6,82E+13;-0.1110;-26.303;102.887
6,82E+13;0.0674;-26.363;81.123
6,82E+13;0.0734;-26.507;96.395
6,82E+13;-0.1517;-27.165;89.508
6,82E+13;-0.0116;-25.992;103.450
6,82E+13;0.2938;-27.285;100.671
6,82E+13;-0.1326;-26.794;98.706
6,82E+13;-0.0631;-27.441;89.891
6,82E+13;-0.3386;-28.339;104.276
6,82E+13;0.0411;-23.321;96.431
6,82E+13;0.0591;-22.063;101.869
6,82E+13;0.0183;-24.518;98.874
6,82E+13;0.0758;-21.728;100.599
6,82E+13;-0.0487;-20.817;93.281
6,82E+13;0.0567;-21.512;101.258
6,82E+13;-0.1062;-21.668;96.958
6,82E+13;0.2351;-20.626;94.143
6,82E+13;-0.2643;-20.470;101.701
6,82E+13;0.1046;-20.973;92.382
6,82E+13;0.0926;-21.356;94.934
6,82E+13;-0.0439;-21.141;97.676
6,82E+13;0.2232;-21.165;90.861
6,82E+13;-0.4176;-19.500;99.820
6,82E+13;0.0818;-23.452;93.185
6,82E+13;-0.1146;-21.895;94.275
6,82E+13;-0.0439;-23.848;100.204
6,82E+13;0.1417;-22.171;86.477
6,82E+13;-0.4691;-23.213;103.414
6,82E+13;0.1729;-22.219;92.071
6,82E+13;-0.4620;-24.530;94.251
6,82E+13;-0.1973;-24.746;96.191
6,82E+13;-0.0475;-23.764;96.035
6,82E+13;-0.2008;-23.644;95.473
6,82E+13;0.0962;-22.326;94.395
6,82E+13;-0.3482;-23.345;96.071
6,82E+13;-0.1014;-23.608;91.520
6,82E+13;-0.3793;-22.853;92.993
6,82E+13;0.0830;-24.506;93.556
6,82E+13;0.0183;-23.213;92.334
6,82E+13;-0.0763;-23.464;91.400
6,82E+13;-0.1601;-24.806;101.341
6,82E+13;0.0064;-24.842;87.304
6,82E+13;-0.2380;-26.758;95.616
6,82E+13;0.1190;-25.848;96.431
6,82E+13;0.0603;-24.003;94.502
6,82E+13;0.2160;-24.746;92.310
6,82E+13;0.0052;-25.237;97.760
6,82E+13;-0.0667;-27.597;89.041
6,82E+13;-0.1793;-25.524;99.042
6,82E+13;0.1609;-26.159;90.478
6,82E+13;-0.0260;-26.662;98.179
6,82E+13;0.3310;-26.039;95.712
6,82E+13;-0.0248;-25.285;94.191
6,82E+13;-0.3242;-26.626;94.562
6,82E+13;0.2723;-29.046;94.263
6,82E+13;-0.1146;-28.171;96.646
6,82E+13;0.2555;-24.878;87.352
6,82E+13;-0.1469;-27.836;93.544
6,82E+13;-0.1362;-26.674;95.377
6,82E+13;0.1393;-28.471;90.322
6,82E+13;-0.1841;-27.129;96.479
6,82E+13;0.1932;-27.525;95.856
6,82E+13;0.3513;-29.429;85.016
6,82E+13;-0.3709;-29.237;98.994
6,82E+13;0.0100;-28.279;93.736
6,82E+13;0.1058;-31.178;93.880
6,82E+13;0.2579;-28.878;98.203
6,82E+13;-0.0368;-33.034;93.915
6,82E+13;0.0962;-29.549;101.353
6,82E+13;0.1800;-30.483;94.383
6,82E+13;0.2854;-30.028;94.922
6,82E+13;0.0830;-31.178;95.281
6,82E+13;-0.3446;-31.669;96.335
6,82E+13;0.0663;-31.334;97.557
6,82E+13;0.5010;-30.172;96.263
6,82E+13;0.2986;-28.603;96.586
6,82E+13;0.1752;-29.980;96.131
6,82E+13;0.2531;-26.063;92.239
6,82E+13;-0.2344;-29.800;93.844
6,82E+13;0.1573;-24.015;100.898
6,82E+13;0.0794;-22.362;89.723
6,82E+13;-0.1709;-22.829;96.730
6,82E+13;0.3226;-21.320;91.568
6,82E+13;0.0878;-25.213;101.701
6,82E+13;0.2878;-25.572;89.268
6,82E+13;0.2495;-25.477;88.262
6,82E+13;0.0255;-30.052;95.065
6,82E+13;0.1884;-27.213;91.927
6,82E+13;-0.3949;-28.016;89.532
6,82E+13;0.2124;-22.099;99.389
6,82E+13;0.2687;-25.740;95.149
6,82E+13;0.3992;-24.267;96.419
6,82E+13;0.2663;-25.165;96.922
6,82E+13;0.3238;-24.087;94.574
6,82E+13;0.2303;-24.387;90.670
6,82E+13;0.0124;-27.537;92.502
6,82E+13;0.2088;-27.022;97.281
6,82E+13;0.1405;-27.561;96.167
6,82E+13;0.4076;-24.554;93.604
6,82E+13;0.3322;-27.549;95.317
6,82E+13;0.5202;-25.512;95.556
6,82E+13;0.4723;-24.590;91.101
6,82E+13;0.2771;-23.368;94.155
6,82E+13;0.5178;-21.919;94.095
6,82E+13;0.0339;-26.866;91.999
6,82E+13;0.3980;-24.902;97.796
6,82E+13;0.4495;-27.093;94.610
6,82E+13;0.4172;-27.656;97.413
6,82E+13;0.2124;-26.255;94.993
6,82E+13;0.0543;-25.992;96.371
6,82E+13;0.0255;-25.812;94.203
6,82E+13;-0.0523;-23.428;103.090
6,82E+13;0.1729;-21.320;90.298
6,82E+13;0.2795;-21.584;99.844
6,82E+13;0.2399;-22.590;93.376
6,82E+13;0.0722;-23.800;101.485
6,82E+13;0.0195;-22.925;95.461
6,82E+13;0.1297;-23.728;95.856
6,82E+13;0.1932;-21.416;101.186
6,82E+13;0.4507;-21.320;93.820
6,82E+13;0.3813;-20.662;97.916
6,82E+13;0.4627;-23.129;91.017
6,82E+13;0.0291;-22.326;98.826
6,82E+13;-0.0439;-20.769;92.406
6,82E+13;0.1717;-19.608;94.718
6,82E+13;0.4388;-21.787;98.000
6,82E+13;0.8963;-21.380;95.952
6,82E+13;0.5525;-21.380;91.221
6,82E+13;0.2160;-22.566;93.161
6,82E+13;0.1082;-22.267;94.419
6,82E+13;0.3154;-19.835;93.820
6,82E+13;0.5214;-21.560;91.759
6,82E+13;0.5034;-21.728;103.150
6,82E+13;0.7226;-20.338;88.322
6,82E+13;0.4388;-22.554;95.556
6,82E+13;0.2327;-21.404;92.334
6,82E+13;0.4184;-21.332;93.927
6,82E+13;0.2974;-21.440;96.491
6,82E+13;0.5789;-21.081;92.298
6,82E+13;0.5945;-23.452;97.449
6,82E+13;0.6196;-22.506;94.430
6,82E+13;0.3202;-22.207;94.071
6,82E+13;0.3058;-20.638;97.365
6,82E+13;0.5705;-21.500;93.939
6,82E+13;0.4903;-22.003;98.000
6,82E+13;0.7729;-20.374;94.407
6,82E+13;0.5525;-23.141;94.778
6,82E+13;0.5945;-22.027;96.706
6,82E+13;0.3884;-21.093;92.778
6,82E+13;0.3861;-22.231;98.144
6,82E+13;0.6807;-19.979;92.298
6,82E+13;0.4531;-22.350;98.191
6,82E+13;0.7777;-22.889;97.089
6,82E+13;0.7262;-22.362;97.221
6,82E+13;0.7082;-22.494;96.299
6,82E+13;0.8580;-20.374;97.054
6,82E+13;0.6184;-22.470;95.532
6,82E+13;0.7466;-21.716;96.395
6,82E+13;0.5166;-21.524;95.401
6,82E+13;0.5166;-21.979;93.125
6,82E+13;0.8376;-20.686;95.808
6,82E+13;0.6496;-21.668;94.323
6,82E+13;0.9131;-20.638;92.730
6,82E+13;0.7669;-20.542;92.969
6,82E+13;0.7214;-20.733;91.927
6,82E+13;0.5849;-20.482;94.107
6,82E+13;0.5477;-22.255;96.515
6,82E+13;0.6651;-18.985;92.215
6,82E+13;0.7154;-22.578;89.184
6,82E+13;0.8053;-22.123;95.197
6,82E+13;0.4903;-21.787;95.125
6,82E+13;0.5130;-19.739;94.299
6,82E+13;0.8388;-21.907;91.915
6,82E+13;0.8640;-22.638;98.527
6,82E+13;0.8640;-23.093;93.580
6,82E+13;0.6999;-21.009;92.418
6,82E+13;0.4675;-21.500;95.089
6,82E+13;0.9238;-21.847;97.377
6,82E+13;10.580;-21.476;95.940
6,82E+13;0.9502;-22.111;90.969
6,82E+13;0.8771;-23.237;100.036
6,82E+13;0.8400;-24.638;102.491
6,82E+13;0.6172;-21.141;98.383
6,82E+13;10.939;-22.985;91.077
6,82E+13;10.819;-23.285;103.258
6,82E+13;0.7681;-23.368;101.353
6,82E+13;0.7957;-22.051;96.634
6,82E+13;0.8723;-22.015;96.515
6,82E+13;0.8927;-22.961;101.485
6,82E+13;11.969;-21.608;93.125
6,82E+13;11.694;-23.129;97.125
6,82E+13;0.8089;-22.374;101.210
6,82E+13;10.544;-20.518;94.598
6,82E+13;0.9526;-21.009;94.874
6,82E+13;13.359;-20.841;92.993
6,82E+13;11.430;-22.794;97.389
6,82E+13;11.179;-21.320;94.502
6,82E+13;11.933;-20.578;92.370
6,82E+13;11.550;-21.668;98.718
6,82E+13;13.239;-20.805;90.550
6,82E+13;11.059;-21.787;95.568
6,82E+13;10.688;-21.763;95.029
6,82E+13;10.592;-22.087;95.281
6,82E+13;11.586;-21.440;94.215
6,82E+13;13.766;-21.464;91.484
6,82E+13;11.311;-21.919;97.089
6,82E+13;11.790;-21.716;92.191
6,82E+13;10.891;-21.728;95.137
6,82E+13;10.867;-21.260;96.910
6,82E+13;11.634;-22.434;92.382
6,82E+13;0.8640;-21.763;95.437
6,82E+13;10.256;-22.422;93.544
6,82E+13;10.616;-20.650;95.365
6,82E+13;11.430;-21.680;94.071
6,82E+13;11.574;-21.668;95.844
6,82E+13;10.113;-21.248;95.077
6,82E+13;11.945;-23.692;94.730
6,82E+13;13.239;-20.278;96.371
6,82E+13;11.742;-22.051;91.185
6,82E+13;12.101;-21.847;97.916
6,82E+13;0.9837;-21.704;95.844
6,82E+13;0.9718;-22.087;95.844
6,82E+13;12.065;-21.189;95.544
6,82E+13;13.203;-23.931;99.030
6,82E+13;11.981;-21.704;98.191
6,82E+13;11.849;-22.291;92.538
6,82E+13;11.311;-21.236;96.622
6,82E+13;12.963;-21.308;94.035
6,82E+13;12.915;-22.913;96.023
6,82E+13;11.454;-20.099;93.700
6,82E+13;12.712;-20.889;89.783
6,82E+13;13.191;-21.009;97.808
6,82E+13;14.425;-21.464;90.682
6,82E+13;12.592;-21.296;94.706
6,82E+13;12.676;-20.697;93.903
6,82E+13;13.347;-20.494;93.796
6,82E+13;13.766;-20.170;100.503
6,82E+13;12.113;-20.254;94.490
6,82E+13;12.915;-19.188;96.335
6,82E+13;12.472;-20.350;98.155
6,82E+13;13.407;-20.051;98.084
6,82E+13;14.137;-18.637;97.042
6,82E+13;13.107;-20.674;93.772
6,82E+13;11.071;-17.775;98.671
6,82E+13;12.688;-19.835;95.628
6,82E+13;15.874;-18.062;94.239
6,82E+13;14.245;-18.182;92.837
6,82E+13;14.149;-19.596;97.185
6,82E+13;12.197;-17.547;96.035
6,82E+13;12.712;-19.679;95.461
6,82E+13;11.370;-18.877;97.365
6,82E+13;11.598;-23.105;103.881
6,82E+13;15.095;-17.116;104.012
6,82E+13;15.515;-17.140;84.046
6,82E+13;14.820;-20.733;100.743
6,82E+13;18.150;-17.991;98.527
6,82E+13;13.191;-17.356;86.621
6,82E+13;12.904;-17.428;89.759
6,82E+13;15.347;-17.811;98.096
6,82E+13;10.748;-19.140;96.239
6,82E+13;13.143;-20.218;91.280
6,82E+13;10.568;-17.404;98.072
6,82E+13;13.694;-19.476;102.228
6,82E+13;12.664;-17.032;93.424
6,82E+13;0.9490;-21.153;89.148
6,82E+13;13.922;-18.745;104.300
6,82E+13;13.490;-18.997;91.221
6,82E+13;11.526;-19.787;97.593
6,82E+13;13.874;-16.853;92.538
6,82E+13;12.185;-18.230;94.814
6,82E+13;12.724;-19.476;94.538
6,82E+13;15.012;-17.272;92.035
6,82E+13;13.155;-15.379;87.064
6,82E+13;10.340;-19.572;93.029
6,82E+13;11.610;-15.248;95.077
6,82E+13;11.430;-18.530;89.544
6,82E+13;14.724;-16.625;92.586
6,82E+13;11.215;-20.662;95.401
6,82E+13;11.131;-19.548;101.102
6,82E+13;13.023;-16.996;92.837
6,82E+13;12.197;-20.266;97.377
6,82E+13;15.179;-19.440;97.485
6,82E+13;0.9837;-19.883;94.562
6,82E+13;0.9238;-18.350;95.317
6,82E+13;11.035;-18.937;95.916
6,82E+13;11.957;-20.123;100.132
6,82E+13;0.9550;-22.099;100.539
6,82E+13;0.9526;-19.200;101.054
6,82E+13;0.8687;-20.626;100.419
6,82E+13;11.706;-19.715;104.659
6,82E+13;0.8580;-20.099;100.204
6,82E+13;0.8196;-21.488;99.641
6,82E+13;0.7633;-19.104;101.365
6,82E+13;0.8951;-20.099;100.994
6,82E+13;10.700;-18.997;100.934
6,82E+13;11.227;-14.900;91.388
6,82E+13;0.7669;-18.733;89.364
6,82E+13;11.658;-20.709;101.773
6,82E+13;13.323;-17.619;102.360
6,82E+13;0.9957;-18.518;86.957
6,82E+13;10.352;-17.739;98.132
6,82E+13;0.8340;-20.206;103.617
6,82E+13;0.8352;-18.589;96.670
6,82E+13;0.9610;-18.374;93.580
6,82E+13;0.9538;-16.493;90.813
6,82E+13;10.268;-12.960;87.591
6,82E+13;0.1908;-18.649;79.830
6,82E+13;0.5681;-16.086;91.927
6,82E+13;10.472;-16.254;88.070
6,82E+13;10.963;-18.601;92.418
6,82E+13;0.9430;-16.841;93.065
6,82E+13;0.3837;-18.649;95.556
6,82E+13;0.6555;-17.272;91.795
6,82E+13;0.9909;-17.559;90.478
6,82E+13;0.4783;-19.452;98.671
6,82E+13;0.5789;-15.511;93.029
6,82E+13;-0.3661;-20.039;86.525
6,82E+13;-0.0463;-14.062;101.569
6,82E+13;0.2375;-20.614;84.765
6,82E+13;0.3082;-19.847;114.577
6,82E+13;0.0016;-18.841;84.848
6,82E+13;-0.0895;-18.518;100.048
6,82E+13;-0.3829;-19.883;101.557
6,82E+13;-0.4128;-19.679;98.287
6,82E+13;-0.6883;-16.829;93.580
6,82E+13;-0.8021;-18.098;87.699
6,82E+13;-0.7207;-17.104;101.713
6,82E+13;-0.9866;-18.338;94.155
6,82E+13;-11.507;-19.140;91.736
6,82E+13;-0.9231;-19.152;98.647
6,82E+13;-0.9506;-19.560;105.066
6,82E+13;-0.8369;-21.344;98.970
6,82E+13;-0.9470;-20.099;105.965
6,82E+13;-10.812;-23.716;105.078
6,82E+13;-0.6548;-17.500;107.905
6,82E+13;-13.243;-21.093;81.686
6,82E+13;-12.788;-22.578;111.223
6,82E+13;-10.129;-18.817;98.132
6,82E+13;-15.100;-21.775;99.772
6,82E+13;-12.633;-18.661;108.456
6,82E+13;-12.034;-19.260;91.065
6,82E+13;-15.399;-18.326;105.594
6,82E+13;-10.932;-18.074;87.220
6,82E+13;-17.939;-17.919;100.383
6,82E+13;-21.089;-17.212;96.335
6,82E+13;-16.693;-16.661;88.550
6,82E+13;-19.220;-18.338;98.108
6,82E+13;-21.388;-19.140;93.688
6,82E+13;-23.089;-17.763;99.701
6,82E+13;-22.023;-20.745;98.766
6,82E+13;-20.059;-13.535;96.754
6,82E+13;-20.933;-17.667;87.723
6,82E+13;-23.281;-16.961;92.694
6,82E+13;-27.413;-17.224;90.059
6,82E+13;-22.107;-17.464;101.653
6,82E+13;-20.633;-14.924;85.843
6,82E+13;-26.646;-19.907;90.310
6,82E+13;-23.927;-18.565;101.114
6,82E+13;-22.514;-17.775;90.622
6,82E+13;-25.628;-19.140;100.826
6,82E+13;-20.645;-17.859;93.484
6,82E+13;-22.310;-21.632;99.832
6,82E+13;-20.801;-19.751;100.683
6,82E+13;-21.999;-20.147;96.000
6,82E+13;-21.101;-21.141;101.234
6,82E+13;-19.556;-23.057;98.659
6,82E+13;-19.879;-21.728;96.838
6,82E+13;-21.831;-23.428;93.592
6,82E+13;-26.227;-23.572;95.532
6,82E+13;-20.310;-18.314;96.035
6,82E+13;-21.867;-18.817;98.599
6,82E+13;-20.310;-19.548;98.671
6,82E+13;-20.969;-18.997;90.921
6,82E+13;-21.999;-17.871;99.066
6,82E+13;-19.855;-17.104;94.311
6,82E+13;-20.083;-19.620;95.269
6,82E+13;-23.915;-20.218;93.341
6,82E+13;-22.370;-19.128;89.699
6,82E+13;-22.023;-20.697;98.587
6,82E+13;-22.131;-22.578;93.341
6,82E+13;-23.676;-21.608;93.293
6,82E+13;-23.233;-20.003;93.915
6,82E+13;-21.676;-20.590;94.706
6,82E+13;-21.208;-21.632;101.018
6,82E+13;-22.993;-21.033;91.748
6,82E+13;-21.699;-21.452;97.808
6,82E+13;-21.280;-24.554;101.222
6,82E+13;-22.897;-22.829;94.454
6,82E+13;-22.286;-24.063;102.635
6,82E+13;-16.885;-22.051;98.311
6,82E+13;-18.885;-25.836;99.605
6,82E+13;-21.843;-22.362;106.013
6,82E+13;-16.633;-23.572;96.191
6,82E+13;-13.459;-19.560;103.054
6,82E+13;-17.292;-21.488;94.418
6,82E+13;-19.256;-19.943;97.030
6,82E+13;-14.034;-19.284;89.915
6,82E+13;-12.309;-19.991;96.000
6,82E+13;-15.938;-20.889;93.796
6,82E+13;-15.687;-20.602;95.988
6,82E+13;-14.166;-21.045;91.496
6,82E+13;-11.147;-18.446;89.472
6,82E+13;-13.986;-22.494;100.108
6,82E+13;-12.153;-19.045;95.329
6,82E+13;-13.004;-17.667;83.315
6,82E+13;-11.447;-20.374;96.395
6,82E+13;-14.058;-19.081;86.106
6,82E+13;-14.046;-21.105;89.580
6,82E+13;-10.716;-19.931;95.712
6,82E+13;-11.399;-23.225;87.495
6,82E+13;-11.722;-22.350;108.744
6,82E+13;-11.099;-20.865;88.226
6,82E+13;-0.7147;-21.967;91.736
6,82E+13;-0.7494;-21.165;101.845
6,82E+13;-0.9698;-22.626;94.371
6,82E+13;-0.3182;-20.494;97.640
6,82E+13;-0.2919;-22.638;95.185
6,82E+13;-0.2607;-23.943;100.144
6,82E+13;-0.0523;-22.422;99.437
6,82E+13;0.0004;-22.578;95.269
6,82E+13;0.2747;-22.710;96.874
6,82E+13;0.2519;-22.470;97.640
6,82E+13;0.4855;-23.584;98.874
6,82E+13;0.8484;-21.033;97.137
6,82E+13;0.7717;-22.338;93.616
6,82E+13;0.9262;-22.614;99.892
6,82E+13;0.9921;-22.578;98.048
6,82E+13;11.466;-23.788;97.928
6,82E+13;12.029;-21.680;96.467
6,82E+13;0.8484;-23.321;95.880
6,82E+13;0.8652;-23.476;99.162
6,82E+13;0.7693;-22.794;92.598
6,82E+13;0.5873;-23.356;94.071
6,82E+13;0.7550;-25.033;96.035
6,82E+13;0.8879;-26.291;96.347
6,82E+13;0.8855;-24.973;95.053
6,82E+13;0.7885;-27.309;91.939
6,82E+13;0.7023;-27.620;98.024
6,82E+13;0.6771;-27.992;95.185
6,82E+13;0.5825;-29.848;94.538
6,82E+13;0.8592;-29.058;95.556
6,82E+13;0.7993;-30.962;93.436
6,82E+13;0.7693;-29.285;93.736
6,82E+13;10.819;-28.938;84.872
6,82E+13;13.035;-30.902;93.233
6,82E+13;12.508;-30.279;90.406
6,82E+13;12.329;-31.070;90.011
6,82E+13;17.000;-31.369;90.729
6,82E+13;17.024;-33.382;93.341
6,82E+13;17.251;-31.310;94.227
6,82E+13;20.222;-35.382;93.352
6,82E+13;21.935;-33.238;93.173
6,82E+13;20.234;-33.573;90.119
6,82E+13;21.551;-36.280;93.101
6,82E+13;20.461;-35.286;91.795
6,82E+13;21.719;-37.143;89.831
6,82E+13;22.917;-34.591;91.688
6,82E+13;20.234;-39.107;90.777
6,82E+13;19.048;-37.765;98.155
6,82E+13;20.976;-36.592;91.448
6,82E+13;20.845;-36.017;92.478
6,82E+13;16.724;-38.352;97.317
6,82E+13;17.647;-34.771;93.125
6,82E+13;20.126;-35.418;87.939
6,82E+13;16.928;-36.879;95.041
6,82E+13;19.276;-36.388;94.634
6,82E+13;17.024;-37.011;90.262
6,82E+13;12.963;-35.681;91.472
6,82E+13;18.317;-38.568;90.861
6,82E+13;13.562;-39.754;90.705
6,82E+13;11.778;-39.850;91.280
6,82E+13;16.569;-41.023;90.682
6,82E+13;12.520;-42.137;88.741
6,82E+13;12.400;-41.143;91.963
6,82E+13;14.760;-43.587;88.238
6,82E+13;12.772;-43.059;92.370
6,82E+13;15.910;-41.874;87.328
6,82E+13;14.185;-43.263;93.209
6,82E+13;14.580;-45.599;93.508
6,82E+13;15.898;-43.239;92.478
6,82E+13;12.736;-45.012;87.723
6,82E+13;13.790;-44.988;93.185
6,82E+13;11.933;-45.671;93.329
6,82E+13;12.904;-45.000;91.915
6,82E+13;13.023;-44.724;91.185
6,82E+13;13.646;-47.132;91.616
6,82E+13;14.269;-45.659;95.353
6,82E+13;12.149;-44.353;90.849
6,82E+13;14.353;-45.874;91.807
6,82E+13;12.796;-47.036;93.760
6,82E+13;14.844;-47.084;89.136
6,82E+13;11.957;-45.587;92.897
6,82E+13;15.910;-45.766;91.843
6,82E+13;12.556;-47.216;92.203
6,82E+13;16.209;-46.102;89.939
6,82E+13;13.299;-46.605;94.095
6,82E+13;13.550;-46.617;91.748
6,82E+13;13.958;-45.203;94.179
6,82E+13;10.400;-46.018;92.814
6,82E+13;14.437;-46.844;88.873
6,82E+13;10.137;-47.323;98.036
6,82E+13;14.065;-47.180;89.879
6,82E+13;12.640;-44.796;91.855
6,82E+13;10.616;-45.323;91.173
6,82E+13;14.221;-46.509;86.322
6,82E+13;10.532;-45.874;95.113
6,82E+13;12.113;-44.449;86.226
6,82E+13;11.562;-45.395;92.885
6,82E+13;11.742;-45.467;91.867
6,82E+13;11.682;-45.766;87.268
6,82E+13;0.7094;-45.623;92.071
6,82E+13;12.341;-45.191;90.262
6,82E+13;0.9214;-47.982;92.825
6,82E+13;12.329;-43.790;88.430
6,82E+13;0.8819;-46.042;88.753
6,82E+13;10.125;-46.617;91.185
6,82E+13;10.520;-46.665;91.113
6,82E+13;0.9694;-45.635;94.622
6,82E+13;12.017;-44.425;85.292
6,82E+13;0.7454;-46.449;95.053
6,82E+13;10.568;-46.425;90.777
6,82E+13;0.7777;-45.431;90.981
6,82E+13;0.7454;-46.138;92.610
6,82E+13;10.831;-47.635;89.903
6,82E+13;0.5573;-46.006;94.934
6,82E+13;11.119;-45.623;82.716
6,82E+13;0.7933;-45.910;93.089
6,82E+13;0.8412;-45.886;90.370
6,82E+13;10.843;-46.018;88.394
6,82E+13;0.8220;-45.060;93.341
6,82E+13;11.430;-44.641;85.160
6,82E+13;0.7358;-46.904;92.682
6,82E+13;0.8807;-42.676;93.616
6,82E+13;10.855;-42.449;87.903
6,82E+13;0.7825;-40.951;98.179
6,82E+13;10.101;-41.359;88.597
6,82E+13;0.8160;-40.329;95.736
6,82E+13;0.8280;-39.670;93.197
6,82E+13;10.472;-39.646;90.538
6,82E+13;0.8101;-40.269;93.999
6,82E+13;10.221;-40.784;90.454
6,82E+13;0.9143;-38.209;93.113
6,82E+13;0.8184;-38.592;90.478
6,82E+13;0.9706;-38.436;89.819
6,82E+13;0.9646;-39.490;91.640
6,82E+13;0.8556;-39.155;93.448
6,82E+13;11.873;-40.125;91.484
6,82E+13;0.8292;-39.466;93.652
6,82E+13;10.352;-39.466;91.987
6,82E+13;10.520;-41.035;90.190
6,82E+13;0.8747;-40.951;94.838
6,82E+13;11.083;-40.281;90.921
6,82E+13;0.9490;-40.221;93.700
6,82E+13;0.9179;-39.909;92.538
6,82E+13;0.9286;-39.742;88.334
6,82E+13;10.616;-38.304;94.502
6,82E+13;10.760;-37.107;94.395
6,82E+13;10.795;-36.604;93.101
6,82E+13;10.963;-35.490;94.730
6,82E+13;11.526;-34.867;90.885
6,82E+13;11.299;-35.322;94.706
6,82E+13;11.945;-35.226;91.712
6,82E+13;10.292;-36.616;96.012
6,82E+13;12.017;-35.849;90.286
6,82E+13;10.568;-34.891;93.293
6,82E+13;11.011;-36.364;90.658
6,82E+13;10.939;-35.538;92.933
6,82E+13;10.544;-37.214;93.137
6,82E+13;12.616;-35.538;92.766
6,82E+13;11.897;-36.125;92.310
6,82E+13;10.316;-36.172;93.293
6,82E+13;11.263;-35.957;91.436
6,82E+13;10.041;-35.154;92.143
6,82E+13;11.754;-36.891;92.382
6,82E+13;10.664;-34.520;94.502
6,82E+13;10.149;-36.256;90.693
6,82E+13;0.9370;-34.771;95.041
6,82E+13;0.9718;-35.586;90.861
6,82E+13;10.700;-36.125;92.634
6,82E+13;12.125;-36.029;91.807
6,82E+13;10.676;-36.328;95.820
6,82E+13;10.736;-36.304;88.825
6,82E+13;11.251;-36.400;92.981
6,82E+13;12.065;-37.598;93.556
6,82E+13;11.706;-36.220;92.083
6,82E+13;13.862;-38.053;91.256
6,82E+13;11.981;-36.783;94.478
6,82E+13;12.592;-37.993;92.119
6,82E+13;13.466;-35.609;94.227
6,82E+13;13.838;-37.777;91.017
6,82E+13;14.700;-36.855;92.921
6,82E+13;14.784;-37.310;92.442
6,82E+13;16.149;-37.071;93.520
6,82E+13;13.742;-35.909;91.855
6,82E+13;15.107;-37.083;90.502
6,82E+13;13.538;-35.693;95.832
6,82E+13;14.748;-37.550;90.957
6,82E+13;13.119;-35.897;93.508
6,82E+13;14.197;-36.723;91.005
6,82E+13;12.784;-35.921;93.676
6,82E+13;12.508;-37.753;89.196
6,82E+13;12.724;-36.268;94.107
6,82E+13;10.580;-38.089;91.580
6,82E+13;11.083;-36.687;93.329
6,82E+13;10.592;-37.250;91.748
6,82E+13;0.9741;-38.652;95.676
6,82E+13;10.652;-37.155;91.628
6,82E+13;11.658;-38.460;91.532
6,82E+13;11.107;-36.268;94.299
6,82E+13;11.059;-39.969;92.143
6,82E+13;10.017;-34.915;92.622
6,82E+13;10.364;-37.706;89.855
6,82E+13;10.640;-37.143;92.778
6,82E+13;10.221;-36.460;91.304
6,82E+13;0.9741;-36.927;93.640
6,82E+13;0.9777;-36.005;90.047
6,82E+13;0.8568;-36.819;91.197
6,82E+13;10.676;-35.693;92.909
6,82E+13;0.9346;-37.322;93.077
6,82E+13;10.316;-36.184;92.370
6,82E+13;10.951;-36.963;92.897
6,82E+13;0.9071;-36.867;94.371
6,82E+13;0.9789;-37.466;92.155
6,82E+13;10.400;-36.675;92.251
6,82E+13;0.8855;-38.245;93.376
6,82E+13;0.9442;-36.436;93.856
6,82E+13;0.9382;-38.975;91.987
6,82E+13;0.9885;-37.394;95.556
6,82E+13;0.9670;-38.460;91.771
6,82E+13;0.8196;-37.035;94.778
6,82E+13;0.7741;-38.065;89.735
6,82E+13;0.6603;-38.292;94.179
6,82E+13;0.7023;-37.226;89.963
6,82E+13;0.7801;-37.706;93.149
6,82E+13;0.6927;-37.837;91.700
6,82E+13;0.6591;-38.233;92.730
6,82E+13;0.7442;-37.562;91.831
6,82E+13;0.6927;-38.640;93.963
6,82E+13;0.7298;-37.011;91.867
6,82E+13;0.8065;-37.825;92.742
6,82E+13;0.6472;-37.598;95.113
6,82E+13;0.8196;-37.202;91.017
6,82E+13;0.7945;-37.921;92.825
6,82E+13;0.8077;-37.670;93.305
6,82E+13;0.7274;-36.400;94.586
6,82E+13;0.7897;-35.166;92.490
6,82E+13;0.8975;-33.597;95.413
6,82E+13;0.9059;-30.687;94.802
6,82E+13;0.8819;-30.411;93.412
6,82E+13;0.9358;-29.106;93.951
6,82E+13;0.9981;-30.603;94.957
6,82E+13;10.077;-31.597;92.622
6,82E+13;11.394;-32.519;92.059
6,82E+13;10.197;-30.459;94.790
6,82E+13;13.083;-31.657;90.969
6,82E+13;13.886;-24.458;85.519
6,82E+13;15.383;-28.854;101.533
6,82E+13;15.359;-33.250;86.609
6,82E+13;15.419;-38.903;97.293
6,82E+13;15.131;-43.407;93.041
6,82E+13;15.131;-36.376;93.724
6,82E+13;18.940;-16.254;90.550
6,82E+13;19.479;-23.632;88.993
6,82E+13;16.413;-39.442;92.454
6,82E+13;16.521;-41.167;88.011
6,82E+13;20.090;-28.231;92.011
6,82E+13;20.342;-33.573;96.958
6,82E+13;21.024;-37.574;87.364
6,82E+13;21.994;-48.545;96.562
6,82E+13;24.246;-55.923;90.071
6,82E+13;10.053;-63.325;74.308
6,82E+13;0.4591;-70.656;82.441
6,82E+13;-0.9650;-90.514;73.338
6,82E+13;13.383;-76.788;61.888
6,82E+13;45.770;-59.720;82.501
6,82E+13;40.080;-57.959;92.346
6,82E+13;36.200;-77.782;96.610
6,82E+13;30.223;-80.717;88.034
6,82E+13;-10.273;-78.178;56.594
6,82E+13;-0.4069;-83.472;54.210
6,82E+13;32.595;-65.805;71.314
6,82E+13;42.284;-52.150;91.604
6,82E+13;34.104;-57.648;96.958
6,82E+13;28.366;-78.058;69.290
6,82E+13;25.660;-84.645;25.572
6,82E+13;0.5442;-78.992;45.586
6,82E+13;0.2615;-75.854;77.770
6,82E+13;52.489;-54.055;100.108
6,82E+13;76.300;-43.622;92.622
6,82E+13;73.066;-56.678;101.198
6,82E+13;48.812;-70.787;93.784
6,82E+13;-18.525;-83.555;51.024
6,82E+13;-55.045;-93.473;90.861
6,82E+13;-68.723;-80.825;129.021
6,82E+13;-59.572;-67.769;132.699
6,82E+13;-21.304;-55.792;143.251
6,82E+13;16.389;-44.137;136.004
6,82E+13;15.742;-33.585;113.307
6,82E+13;0.7897;-35.681;129.417
6,82E+13;-20.130;-35.490;151.012
6,82E+13;-21.891;-53.360;168.954
6,82E+13;-10.608;-44.006;124.302
6,82E+13;0.2998;11.199;70.559
6,82E+13;-0.0703;18.229;80.860
6,82E+13;-46.673;0.7414;99.317
6,82E+13;-78.317;0.9234;99.233
6,82E+13;-20.322;43.334;64.738
6,82E+13;48.704;69.313;32.483
6,82E+13;18.533;61.768;14.109
6,82E+13;-41.977;49.299;21.967
6,82E+13;-49.499;54.725;45.874
6,82E+13;25.576;68.738;49.179
6,82E+13;89.009;93.448;19.164
6,82E+13;62.778;74.787;0.5126
6,82E+13;27.947;71.517;20.553
6,82E+13;0.1729;53.180;44.904
6,82E+13;18.641;49.503;46.377
6,82E+13;84.792;68.930;0.5677
6,82E+13;108.999;68.415;-20.745
6,82E+13;38.380;58.653;22.518
6,82E+13;-31.305;34.219;74.260
6,82E+13;-58.578;18.601;108.253
6,82E+13;0.4304;33.549;52.677
6,82E+13;161.293;92.370;39.166
6,82E+13;210.951;129.848;36.627
6,82E+13;-83.803;-0.7271;162.283
6,82E+13;-0.0919;75.063;127.872
6,82E+13;-15.675;49.730;56.186
6,82E+13;29.852;58.210;59.624
6,82E+13;0.4088;61.241;44.832
6,82E+13;0.2938;79.890;41.502
6,82E+13;13.586;74.787;85.891
6,82E+13;0.3681;66.427;107.989
6,82E+13;16.090;73.781;87.879
6,82E+13;0.5885;78.464;101.761
6,82E+13;-0.4596;73.829;109.690
6,82E+13;-29.665;62.582;82.740
6,82E+13;-12.489;52.617;57.719
6,82E+13;-0.3697;36.291;52.473
6,82E+13;37.649;70.643;65.577
6,82E+13;39.985;92.849;37.897
6,82E+13;-37.570;44.748;23.104
6,82E+13;-28.000;67.169;31.022
6,82E+13;-12.273;54.006;42.424
6,82E+13;0.5190;45.442;92.766
6,82E+13;22.450;46.388;122.063
6,82E+13;34.403;47.143;130.099
6,82E+13;18.317;44.532;122.422
6,82E+13;0.6567;53.264;102.695
6,82E+13;-0.0978;69.529;80.884
6,82E+13;29.193;96.335;77.159
6,82E+13;48.261;107.845;93.460
6,82E+13;19.072;70.499;106.552
6,82E+13;0.0555;53.072;111.379
6,82E+13;-23.604;44.352;110.480
6,82E+13;-25.724;49.515;77.506
6,82E+13;-17.388;52.245;50.605
6,82E+13;-0.9147;55.875;41.023
6,82E+13;-0.4799;57.863;39.789
6,82E+13;-0.5326;60.234;37.394
6,82E+13;-0.0571;63.181;41.837
6,82E+13;15.467;65.612;60.331
6,82E+13;35.086;67.265;90.226
6,82E+13;31.217;64.391;104.336
6,82E+13;12.784;61.648;98.036
6,82E+13;-0.2308;63.253;87.615
6,82E+13;-12.117;63.624;83.124
6,82E+13;-17.687;67.086;78.728
6,82E+13;-16.980;67.074;71.038
6,82E+13;-0.9506;63.540;66.403
6,82E+13;0.6555;64.367;65.744
6,82E+13;16.928;62.031;69.757
6,82E+13;12.077;59.348;80.632
6,82E+13;0.3501;58.665;91.915
6,82E+13;0.2447;62.642;99.449
6,82E+13;0.3573;63.828;92.358
6,82E+13;0.7334;63.528;85.196
6,82E+13;13.898;63.097;82.369
6,82E+13;0.5861;61.097;65.804
6,82E+13;-27.329;60.510;73.158
6,82E+13;-13.375;66.451;82.824
6,82E+13;0.3130;63.912;74.871
6,82E+13;0.6160;62.319;63.301
6,82E+13;0.6292;65.073;62.594
6,82E+13;0.6100;62.594;58.714
6,82E+13;-0.4608;64.810;61.864
6,82E+13;-0.4464;66.750;65.445
